年度,平均每戶可支配所得,臺灣地區平均每戶可支配所得,縣市,所得對數,全國所得對數,所得對數成長率,全國所得對數成長率,所得相對成長率百分點,失業率,企業家數,企業銷售額百萬元,企業家數對數成長率,企業銷售額對數成長率,中央執政黨代碼,中央執政黨,地方首長黨籍代碼,地方首長黨籍,中央地方同黨,地方是否主要政黨,地方國民黨執政,地方民進黨執政,六都,特殊產業結構縣市,離島縣市,任期年序,地方政黨輪替,失業率變動
1998,725605,873175,南投縣,13.494761068608275,13.67989127292283,,,,2.5,,,,,KMT,中國國民黨,KMT,中國國民黨,1,1,1,0,0,0,0,1,0,
1999,858800,889053,南投縣,13.663291344986764,13.697912130266793,0.1685302763784886,0.01802085734396286,15.050941903452575,3.1,,,,,KMT,中國國民黨,KMT,中國國民黨,1,1,1,0,0,0,0,1,0,0.6000000000000001
2000,729438,891445,南投縣,13.500029653614162,13.700599020607656,-0.16326169137260216,0.002686890340863002,-16.594858171346516,3.8,,,,,DPP,民主進步黨,KMT,中國國民黨,0,1,1,0,0,0,0,2,0,0.6999999999999997
2001,694028,868651,南投縣,13.450267584496396,13.674696712533033,-0.04976206911776515,-0.025902308074623903,-2.3859761043141248,4.9,,,,,DPP,民主進步黨,KMT,中國國民黨,0,1,1,0,0,0,0,3,0,1.1000000000000005
2002,683359,875919,南投縣,13.434775622716694,13.683028899889882,-0.015491961779702024,0.008332187356849374,-2.38241491365514,5.3,,,,,DPP,民主進步黨,KMT,中國國民黨,0,1,1,0,0,0,0,4,0,0.39999999999999947
2003,681544,881662,南投縣,13.432116091497543,13.689564041586747,-0.002659531219151745,0.00653514169686531,-0.9194672916017055,5.3,,,,,DPP,民主進步黨,KMT,中國國民黨,0,1,1,0,0,0,0,5,0,0.0
2004,738359,891249,南投縣,13.512185435168728,13.700379128690377,0.08006934367118568,0.010815087103630106,6.925425656755557,4.7,,,,,DPP,民主進步黨,KMT,中國國民黨,0,1,1,0,0,0,0,6,0,-0.5999999999999996
2005,748483,894574,南投縣,13.525803770493049,13.70410290629004,0.01361833532432044,0.003723777599661915,0.9894557724658526,4.4,,,,,DPP,民主進步黨,KMT,中國國民黨,0,1,1,0,0,0,0,7,0,-0.2999999999999998
2006,815573,913092,南投縣,13.6116462126715,13.72459192120366,0.0858424421784516,0.020489014913620096,6.535342726483151,4.2,,,,,DPP,民主進步黨,KMT,中國國民黨,0,1,1,0,0,0,0,8,0,-0.20000000000000018
2007,722209,923874,南投縣,13.49006984966975,13.736330977689091,-0.12157636300175056,0.011739056485431831,-13.33154194871824,4.2,,,,,DPP,民主進步黨,KMT,中國國民黨,0,1,1,0,0,0,0,9,0,0.0
2008,708936,913687,南投縣,13.47152053345679,13.72524334102077,-0.018549316212959965,-0.011087636668321466,-0.74616795446385,4.4,,,,,KMT,中國國民黨,KMT,中國國民黨,1,1,1,0,0,0,0,10,0,0.20000000000000018
2009,808713,887605,南投縣,13.6031993741371,13.696282103192804,0.13167884068031022,-0.028961237827966002,16.064007850827622,6.0,,,,,KMT,中國國民黨,KMT,中國國民黨,1,1,1,0,0,0,0,11,0,1.5999999999999996
2010,782905,889353,南投縣,13.5707666393873,13.698249511048061,-0.032432734749800574,0.001967407855257619,-3.4400142605058193,5.3,,,,,KMT,中國國民黨,KMT,中國國民黨,1,1,1,0,0,0,0,12,0,-0.7000000000000002
2011,729037,907988,南投縣,13.499479764160993,13.71898644163707,-0.07128687522630628,0.02073693058900794,-9.202380581531422,4.6,,,,,KMT,中國國民黨,KMT,中國國民黨,1,1,1,0,0,0,0,13,0,-0.7000000000000002
2012,831790,923584,南投縣,13.63133528409798,13.73601703279575,0.13185551993698752,0.01703059115868122,11.48249287783063,4.4,,,,,KMT,中國國民黨,KMT,中國國民黨,1,1,1,0,0,0,0,14,0,-0.1999999999999993
2013,748930,942208,南投縣,13.526400800187966,13.755981335978323,-0.10493448391001436,0.01996430318257225,-12.489878709258662,4.3,24560.0,239616.0,,,KMT,中國國民黨,KMT,中國國民黨,1,1,1,0,0,0,0,15,0,-0.10000000000000053
2014,782566,956849,南投縣,13.570333542887525,13.771400873241777,0.0439327426995586,0.015419537263454686,2.8513205436103917,4.0,24811.0,266256.0,0.010167999940584593,0.10542061000597158,KMT,中國國民黨,KMT,中國國民黨,1,1,1,0,0,0,0,16,0,-0.2999999999999998
2015,738754,964895,南投縣,13.512720262239394,13.779774566110916,-0.05761328064813043,0.008373692869138694,-6.598697351726912,3.8,25196.0,261473.0,0.015398148540157308,-0.018127224284720356,KMT,中國國民黨,KMT,中國國民黨,1,1,1,0,0,0,0,17,0,-0.20000000000000018
2016,775270,993115,南投縣,13.560966634759565,13.808601746996494,0.048246372520170056,0.02882718088557823,1.9419191634591826,3.9,25526.0,246768.0,0.013012288800815952,-0.05788240371500919,DPP,民主進步黨,KMT,中國國民黨,0,1,1,0,0,0,0,18,0,0.10000000000000009
2017,758388,1018941,南投縣,13.538950407012958,13.834274410626733,-0.022016227746606276,0.0256726636302389,-4.768889137684518,3.7,25999.0,258767.0,0.018360535182857518,0.04747941892322949,DPP,民主進步黨,KMT,中國國民黨,0,1,1,0,0,0,0,19,0,-0.19999999999999973
2018,817442,1036304,南投縣,13.613935231224383,13.851171095050994,0.07498482421142505,0.0168966844242604,5.808813978716465,3.7,26543.0,262722.0,0.020707983697908716,0.015168395998077955,DPP,民主進步黨,KMT,中國國民黨,0,1,1,0,0,0,0,20,0,0.0
2019,794051,1059731,南投縣,13.584902969904538,13.873525660297378,-0.02903226131984482,0.022354565246384794,-5.1386826566229615,3.7,26987.0,275246.0,0.016589209132154892,0.0465688043512138,DPP,民主進步黨,KMT,中國國民黨,0,1,1,0,0,0,0,21,0,0.0
2020,845536,1079648,南投縣,13.647726024770343,13.892145620049078,0.0628230548658042,0.01861995975169961,4.4203095114104585,3.8,27529.0,307802.0,0.019884725911191836,0.11179147585568394,DPP,民主進步黨,KMT,中國國民黨,0,1,1,0,0,0,0,22,0,0.09999999999999964
2021,836060,1090554,南投縣,13.6364556598264,13.902196381967281,-0.011270364943943179,0.010050761918202866,-2.1321126862146045,3.9,28272.0,341115.0,0.02663192109272927,0.10276294472203773,DPP,民主進步黨,KMT,中國國民黨,0,1,1,0,0,0,0,23,0,0.10000000000000009
2022,878953,1108569,南投縣,13.686486705385645,13.918580552380039,0.05003104555924587,0.01638417041275808,3.3646875146487787,3.6,28782.0,372841.0,0.017878276170641527,0.08893239147351117,DPP,民主進步黨,KMT,中國國民黨,0,1,1,0,0,0,0,24,0,-0.2999999999999998
2023,918211,1136708,南投縣,13.730182490686293,13.943646923566812,0.043695785300647216,0.025066371186772685,1.8629414113874532,3.5,29391.0,365534.0,0.020938313282632848,-0.019792757185760124,DPP,民主進步黨,KMT,中國國民黨,0,1,1,0,0,0,0,25,0,-0.10000000000000009
2024,892163,1165206,南投縣,13.70140413029407,13.968408453384745,-0.028778360392221813,0.024761529817933337,-5.353989021015515,3.3,30051.0,376535.0,0.0222074332671216,0.02965170628742797,DPP,民主進步黨,KMT,中國國民黨,0,1,1,0,0,0,0,26,0,-0.20000000000000018
1998,873466,873175,嘉義市,13.680224483929205,13.67989127292283,,,,2.5,,,,,KMT,中國國民黨,IND,無黨籍,0,0,0,0,0,0,0,1,0,
1999,796358,889053,嘉義市,13.587804112463587,13.697912130266793,-0.09242037146561799,0.01802085734396286,-11.044122880958085,3.0,,,,,KMT,中國國民黨,IND,無黨籍,0,0,0,0,0,0,0,1,0,0.5
2000,808703,891445,嘉義市,13.603187008734508,13.700599020607656,0.015382896270921265,0.002686890340863002,1.2696005930058263,3.0,,,,,DPP,民主進步黨,IND,無黨籍,0,0,0,0,0,0,0,2,0,0.0
2001,785582,868651,嘉義市,13.574180123336275,13.674696712533033,-0.029006885398233706,-0.025902308074623903,-0.3104577323609803,4.6,,,,,DPP,民主進步黨,IND,無黨籍,0,0,0,0,0,0,0,3,0,1.5999999999999996
2002,845388,875919,嘉義市,13.647550972549926,13.683028899889882,0.07337084921365111,0.008332187356849374,6.503866185680174,5.2,,,,,DPP,民主進步黨,KMT,中國國民黨,0,1,1,0,0,0,0,1,1,0.6000000000000005
2003,772203,881662,嘉義市,13.557002747808612,13.689564041586747,-0.09054822474131363,0.00653514169686531,-9.708336643817894,5.1,,,,,DPP,民主進步黨,KMT,中國國民黨,0,1,1,0,0,0,0,2,0,-0.10000000000000053
2004,694118,891249,嘉義市,13.450397253854124,13.700379128690377,-0.10660549395448804,0.010815087103630106,-11.742058105811815,4.5,,,,,DPP,民主進步黨,KMT,中國國民黨,0,1,1,0,0,0,0,3,0,-0.5999999999999996
2005,812886,894574,嘉義市,13.608346157295793,13.70410290629004,0.15794890344166923,0.003723777599661915,15.422512584200732,4.1,,,,,DPP,民主進步黨,KMT,中國國民黨,0,1,1,0,0,0,0,4,0,-0.40000000000000036
2006,800693,913092,嘉義市,13.593232881672067,13.72459192120366,-0.015113275623725997,0.020489014913620096,-3.5602290537346093,3.9,,,,,DPP,民主進步黨,KMT,中國國民黨,0,1,1,0,0,0,0,5,0,-0.19999999999999973
2007,730039,923874,嘉義市,13.500853236355061,13.736330977689091,-0.09237964531700626,0.011739056485431831,-10.41187018024381,3.8,,,,,DPP,民主進步黨,KMT,中國國民黨,0,1,1,0,0,0,0,6,0,-0.10000000000000009
2008,741393,913687,嘉義市,13.516286128057217,13.72524334102077,0.015432891702156226,-0.011087636668321466,2.652052837047769,4.1,,,,,KMT,中國國民黨,KMT,中國國民黨,1,1,1,0,0,0,0,7,0,0.2999999999999998
2009,686637,887605,嘉義市,13.439561047280844,13.696282103192804,-0.07672508077637374,-0.028961237827966002,-4.776384294840774,5.8,,,,,KMT,中國國民黨,KMT,中國國民黨,1,1,1,0,0,0,0,8,0,1.7000000000000002
2010,698454,889353,嘉義市,13.456624600106153,13.698249511048061,0.017063552825309358,0.001967407855257619,1.509614497005174,5.1,,,,,KMT,中國國民黨,KMT,中國國民黨,1,1,1,0,0,0,0,9,0,-0.7000000000000002
2011,768315,907988,嘉義市,13.551955084288727,13.71898644163707,0.09533048418257373,0.02073693058900794,7.459355359356579,4.3,,,,,KMT,中國國民黨,KMT,中國國民黨,1,1,1,0,0,0,0,10,0,-0.7999999999999998
2012,910601,923584,嘉義市,13.721860100059242,13.73601703279575,0.16990501577051553,0.01703059115868122,15.287442461183431,4.0,,,,,KMT,中國國民黨,KMT,中國國民黨,1,1,1,0,0,0,0,11,0,-0.2999999999999998
2013,1026305,942208,嘉義市,13.841475531491762,13.755981335978323,0.11961543143251951,0.01996430318257225,9.965112824994726,3.9,17081.0,195969.0,,,KMT,中國國民黨,KMT,中國國民黨,1,1,1,0,0,0,0,12,0,-0.10000000000000009
2014,958377,956849,嘉義市,13.772996507724807,13.771400873241777,-0.06847902376695458,0.015419537263454686,-8.389856103040927,3.7,17284.0,193480.0,0.011814483413763455,-0.012782335501301034,KMT,中國國民黨,KMT,中國國民黨,1,1,1,0,0,0,0,13,0,-0.19999999999999973
2015,917788,964895,嘉義市,13.729721706113443,13.779774566110916,-0.04327480161136421,0.008373692869138694,-5.1648494480502904,3.5,17589.0,186076.0,0.01749248858050123,-0.039018955546168854,KMT,中國國民黨,DPP,民主進步黨,0,1,0,1,0,0,0,1,1,-0.20000000000000018
2016,962456,993115,嘉義市,13.777243629813432,13.808601746996494,0.04752192369998909,0.02882718088557823,1.8694742814410859,3.7,17881.0,183831.0,0.016464989942878816,-0.012138335120109645,DPP,民主進步黨,DPP,民主進步黨,1,1,0,1,0,0,0,2,0,0.20000000000000018
2017,915716,1018941,嘉義市,13.72746155191467,13.834274410626733,-0.049782077898761656,0.0256726636302389,-7.545474152900056,3.7,18301.0,191298.0,0.023217006570078524,0.039815564319988894,DPP,民主進步黨,DPP,民主進步黨,1,1,0,1,0,0,0,3,0,0.0
2018,967662,1036304,嘉義市,13.782638131729716,13.851171095050994,0.0551765798150452,0.0168966844242604,3.82798953907848,3.6,18682.0,203598.0,0.020604790287512387,0.062315039836915886,DPP,民主進步黨,DPP,民主進步黨,1,1,0,1,0,0,0,4,0,-0.10000000000000009
2019,1019459,1059731,嘉義市,13.834782652395916,13.873525660297378,0.05214452066620012,0.022354565246384794,2.978995541981533,3.7,18843.0,209202.0,0.008580998689696528,0.02715283092910603,DPP,民主進步黨,KMT,中國國民黨,0,1,1,0,0,0,0,1,1,0.10000000000000009
2020,1045590,1079648,嘉義市,13.860091877359652,13.892145620049078,0.025309224963736554,0.01861995975169961,0.6689265212036943,3.7,19245.0,224912.0,0.02110979459535578,0.07240892221489581,DPP,民主進步黨,KMT,中國國民黨,0,1,1,0,0,0,0,2,0,0.0
2021,1015672,1090554,嘉義市,13.831061020352573,13.902196381967281,-0.02903085700707919,0.010050761918202866,-3.908161892528206,4.0,19746.0,247410.0,0.02569965245354844,0.09533766492396367,DPP,民主進步黨,KMT,中國國民黨,0,1,1,0,0,0,0,3,0,0.2999999999999998
2022,1077735,1108569,嘉義市,13.890372174628045,13.918580552380039,0.05931115427547162,0.01638417041275808,4.292698386271354,3.6,20050.0,271471.0,0.015278214563320347,0.0928084401592777,DPP,民主進步黨,KMT,中國國民黨,0,1,1,0,0,0,0,4,0,-0.3999999999999999
2023,1128593,1136708,嘉義市,13.936482282123318,13.943646923566812,0.04611010749527367,0.025066371186772685,2.104373630850098,3.5,20516.0,284158.0,0.022975915774443578,0.04567510181809631,DPP,民主進步黨,KMT,中國國民黨,0,1,1,0,0,0,0,5,0,-0.10000000000000009
2024,1213216,1165206,嘉義市,14.008785242972046,13.968408453384745,0.07230296084872734,0.024761529817933337,4.7541431030794,3.3,21064.0,297920.0,0.026360352666985776,0.04729457259795389,DPP,民主進步黨,KMT,中國國民黨,0,1,1,0,0,0,0,6,0,-0.20000000000000018
1998,580982,873175,嘉義縣,13.272475054287,13.67989127292283,,,,2.5,,,,,KMT,中國國民黨,KMT,中國國民黨,1,1,1,0,0,0,0,1,0,
1999,628540,889053,嘉義縣,13.351154948583135,13.697912130266793,0.07867989429613509,0.01802085734396286,6.065903695217223,2.8,,,,,KMT,中國國民黨,KMT,中國國民黨,1,1,1,0,0,0,0,1,0,0.2999999999999998
2000,725986,891445,嘉義縣,13.495286009874443,13.700599020607656,0.14413106129130782,0.002686890340863002,14.144417095044481,2.8,,,,,DPP,民主進步黨,KMT,中國國民黨,0,1,1,0,0,0,0,2,0,0.0
2001,660383,868651,嘉義縣,13.40057524872222,13.674696712533033,-0.0947107611522231,-0.025902308074623903,-6.88084530775992,4.0,,,,,DPP,民主進步黨,KMT,中國國民黨,0,1,1,0,0,0,0,3,0,1.2000000000000002
2002,611036,875919,嘉義縣,13.322911156221629,13.683028899889882,-0.0776640925005907,0.008332187356849374,-8.599627985744007,5.2,,,,,DPP,民主進步黨,DPP,民主進步黨,1,1,0,1,0,0,0,1,1,1.2000000000000002
2003,615943,881662,嘉義縣,13.330909705766732,13.689564041586747,0.007998549545103373,0.00653514169686531,0.1463407848238063,5.1,,,,,DPP,民主進步黨,DPP,民主進步黨,1,1,0,1,0,0,0,2,0,-0.10000000000000053
2004,661697,891249,嘉義縣,13.402563026213237,13.700379128690377,0.07165332044650441,0.010815087103630106,6.08382333428743,4.8,,,,,DPP,民主進步黨,DPP,民主進步黨,1,1,0,1,0,0,0,3,0,-0.2999999999999998
2005,679081,894574,嘉義縣,13.428495692504036,13.70410290629004,0.02593266629079949,0.003723777599661915,2.2208888691137574,4.3,,,,,DPP,民主進步黨,DPP,民主進步黨,1,1,0,1,0,0,0,4,0,-0.5
2006,697288,913092,嘉義縣,13.454953803825399,13.72459192120366,0.026458111321362665,0.020489014913620096,0.5969096407742569,3.8,,,,,DPP,民主進步黨,DPP,民主進步黨,1,1,0,1,0,0,0,5,0,-0.5
2007,638887,923874,嘉義縣,13.367482878911204,13.736330977689091,-0.08747092491419473,0.011739056485431831,-9.920998139962656,3.8,,,,,DPP,民主進步黨,DPP,民主進步黨,1,1,0,1,0,0,0,6,0,0.0
2008,655130,913687,嘉義縣,13.392588968206615,13.72524334102077,0.025106089295411138,-0.011087636668321466,3.6193725963732604,4.2,,,,,KMT,中國國民黨,DPP,民主進步黨,0,1,0,1,0,0,0,7,0,0.40000000000000036
2009,629952,887605,嘉義縣,13.353398904988882,13.696282103192804,-0.039190063217732884,-0.028961237827966002,-1.0228825389766882,5.9,,,,,KMT,中國國民黨,DPP,民主進步黨,0,1,0,1,0,0,0,8,0,1.7000000000000002
2010,658489,889353,嘉義縣,13.39770309539421,13.698249511048061,0.044304190405327404,0.001967407855257619,4.2336782550069785,5.1,,,,,KMT,中國國民黨,DPP,民主進步黨,0,1,0,1,0,0,0,9,0,-0.8000000000000007
2011,687869,907988,嘉義縣,13.441353691809027,13.71898644163707,0.0436505964148175,0.02073693058900794,2.291366582580956,4.4,,,,,KMT,中國國民黨,DPP,民主進步黨,0,1,0,1,0,0,0,10,0,-0.6999999999999993
2012,747956,923584,嘉義縣,13.525099431697031,13.73601703279575,0.08374573988800371,0.01703059115868122,6.671514872932249,4.2,,,,,KMT,中國國民黨,DPP,民主進步黨,0,1,0,1,0,0,0,11,0,-0.20000000000000018
2013,727426,942208,嘉義縣,13.497267554641079,13.755981335978323,-0.027831877055952248,0.01996430318257225,-4.77961802385245,4.1,19928.0,244036.0,,,KMT,中國國民黨,DPP,民主進步黨,0,1,0,1,0,0,0,12,0,-0.10000000000000053
2014,667933,956849,嘉義縣,13.411943148087264,13.771400873241777,-0.08532440655381457,0.015419537263454686,-10.074394381726925,3.9,20209.0,253448.0,0.014002271776231368,0.037842918390733615,KMT,中國國民黨,DPP,民主進步黨,0,1,0,1,0,0,0,13,0,-0.19999999999999973
2015,751058,964895,嘉義縣,13.529238158123682,13.779774566110916,0.11729501003641829,0.008373692869138694,10.89213171672796,3.8,20725.0,251889.0,0.025212651285247745,-0.0061701595016288024,KMT,中國國民黨,DPP,民主進步黨,0,1,0,1,0,0,0,14,0,-0.10000000000000009
2016,768510,993115,嘉義縣,13.552208854237872,13.808601746996494,0.022970696114189337,0.02882718088557823,-0.5856484771388892,3.9,21063.0,252828.0,0.016177245681863184,0.0037209013501797727,DPP,民主進步黨,DPP,民主進步黨,1,1,0,1,0,0,0,15,0,0.10000000000000009
2017,769976,1018941,嘉義縣,13.55411462451294,13.834274410626733,0.0019057702750675531,0.0256726636302389,-2.376689335517135,3.8,21588.0,273047.0,0.02461965805317412,0.0769345259060934,DPP,民主進步黨,DPP,民主進步黨,1,1,0,1,0,0,0,16,0,-0.10000000000000009
2018,808597,1036304,嘉義縣,13.603055926065675,13.851171095050994,0.048941301552735794,0.0168966844242604,3.2044617128475394,3.7,22188.0,297327.0,0.027413997436593007,0.08518860169752429,DPP,民主進步黨,DPP,民主進步黨,1,1,0,1,0,0,0,17,0,-0.09999999999999964
2019,734827,1059731,嘉義縣,13.50739037634047,13.873525660297378,-0.09566554972520436,0.022354565246384794,-11.802011497158915,3.7,22464.0,292135.0,0.012362425650412234,-0.017616519042221057,DPP,民主進步黨,DPP,民主進步黨,1,1,0,1,0,0,0,18,0,0.0
2020,781236,1079648,嘉義縣,13.568632559872183,13.892145620049078,0.06124218353171251,0.01861995975169961,4.26222237800129,3.8,23243.0,303631.0,0.03408998358889015,0.03859712415130545,DPP,民主進步黨,DPP,民主進步黨,1,1,0,1,0,0,0,19,0,0.09999999999999964
2021,791988,1090554,嘉義縣,13.582301519166625,13.902196381967281,0.013668959294442118,0.010050761918202866,0.36181973762392516,3.9,23633.0,343753.0,0.016640028965857923,0.12411022786973014,DPP,民主進步黨,DPP,民主進步黨,1,1,0,1,0,0,0,20,0,0.10000000000000009
2022,764224,1108569,嘉義縣,13.546616218893057,13.918580552380039,-0.03568530027356864,0.01638417041275808,-5.206947068632672,3.6,24267.0,360917.0,0.026473362305775794,0.0487246387850071,DPP,民主進步黨,DPP,民主進步黨,1,1,0,1,0,0,0,21,0,-0.2999999999999998
2023,802683,1136708,嘉義縣,13.595715145372914,13.943646923566812,0.04909892647985714,0.025066371186772685,2.4032555293084457,3.5,24999.0,356756.0,0.02971842136425451,-0.011595940284566453,DPP,民主進步黨,DPP,民主進步黨,1,1,0,1,0,0,0,22,0,-0.10000000000000009
2024,836911,1165206,嘉義縣,13.63747301167936,13.968408453384745,0.041757866306445734,0.024761529817933337,1.6996336488512398,3.4,25693.0,391190.0,0.027382757191729112,0.09214130074588489,DPP,民主進步黨,DPP,民主進步黨,1,1,0,1,0,0,0,23,0,-0.10000000000000009
1998,804378,873175,基隆市,13.597824586929303,13.67989127292283,,,,4.0,,,,,KMT,中國國民黨,KMT,中國國民黨,1,1,1,0,0,0,0,1,0,
1999,868974,889053,基隆市,13.675068484352293,13.697912130266793,0.07724389742299032,0.01802085734396286,5.922304007902746,4.2,,,,,KMT,中國國民黨,KMT,中國國民黨,1,1,1,0,0,0,0,1,0,0.20000000000000018
2000,863374,891445,基隆市,13.668603248145345,13.700599020607656,-0.006465236206947722,0.002686890340863002,-0.9152126547810724,4.2,,,,,DPP,民主進步黨,KMT,中國國民黨,0,1,1,0,0,0,0,2,0,0.0
2001,775698,868651,基隆市,13.56151854815928,13.674696712533033,-0.10708469998606596,-0.025902308074623903,-8.118239191144205,5.1,,,,,DPP,民主進步黨,KMT,中國國民黨,0,1,1,0,0,0,0,3,0,0.8999999999999995
2002,722155,875919,基隆市,13.489995076274644,13.683028899889882,-0.07152347188463537,0.008332187356849374,-7.985565924148474,5.5,,,,,DPP,民主進步黨,KMT,中國國民黨,0,1,1,0,0,0,0,4,0,0.40000000000000036
2003,726013,881662,基隆市,13.495323199982705,13.689564041586747,0.005328123708061128,0.00653514169686531,-0.12070179888041821,5.2,,,,,DPP,民主進步黨,KMT,中國國民黨,0,1,1,0,0,0,0,5,0,-0.2999999999999998
2004,868343,891249,基隆市,13.67434207687715,13.700379128690377,0.1790188768944443,0.010815087103630106,16.82037897908142,4.6,,,,,DPP,民主進步黨,KMT,中國國民黨,0,1,1,0,0,0,0,6,0,-0.6000000000000005
2005,875160,894574,基隆市,13.68216200576628,13.70410290629004,0.007819928889130523,0.003723777599661915,0.4096151289468608,4.3,,,,,DPP,民主進步黨,KMT,中國國民黨,0,1,1,0,0,0,0,7,0,-0.2999999999999998
2006,782453,913092,基隆市,13.570189135694774,13.72459192120366,-0.11197287007150614,0.020489014913620096,-13.246188498512623,4.2,,,,,DPP,民主進步黨,KMT,中國國民黨,0,1,1,0,0,0,0,8,0,-0.09999999999999964
2007,851508,923874,基隆市,13.654764174225713,13.736330977689091,0.0845750385309394,0.011739056485431831,7.283598204550756,4.2,,,,,DPP,民主進步黨,KMT,中國國民黨,0,1,1,0,0,0,0,9,0,0.0
2008,816692,913687,基隆市,13.61301731377984,13.72524334102077,-0.04174686044587261,-0.011087636668321466,-3.065922377755115,4.3,,,,,KMT,中國國民黨,KMT,中國國民黨,1,1,1,0,0,0,0,10,0,0.09999999999999964
2009,863161,887605,基隆市,13.668356511182491,13.696282103192804,0.0553391974026507,-0.028961237827966002,8.43004352306167,5.7,,,,,KMT,中國國民黨,KMT,中國國民黨,1,1,1,0,0,0,0,11,0,1.4000000000000004
2010,860445,889353,基隆市,13.66520497626328,13.698249511048061,-0.00315153491921194,0.001967407855257619,-0.5118942774469559,5.2,,,,,KMT,中國國民黨,KMT,中國國民黨,1,1,1,0,0,0,0,12,0,-0.5
2011,845677,907988,基隆市,13.64789276899514,13.71898644163707,-0.01731220726813909,0.02073693058900794,-3.804913785714703,4.5,,,,,KMT,中國國民黨,KMT,中國國民黨,1,1,1,0,0,0,0,13,0,-0.7000000000000002
2012,786441,923584,基隆市,13.57527298277344,13.73601703279575,-0.07261978622170062,0.01703059115868122,-8.965037738038184,4.3,,,,,KMT,中國國民黨,KMT,中國國民黨,1,1,1,0,0,0,0,14,0,-0.20000000000000018
2013,841832,942208,基隆市,13.643335748376098,13.755981335978323,0.068062765602658,0.01996430318257225,4.809846242008575,4.2,18406.0,151397.0,,,KMT,中國國民黨,KMT,中國國民黨,1,1,1,0,0,0,0,15,0,-0.09999999999999964
2014,804007,956849,基隆市,13.597363254590864,13.771400873241777,-0.04597249378523394,0.015419537263454686,-6.139203104868862,4.0,18652.0,153365.0,0.013276680529408225,0.012915175483900754,KMT,中國國民黨,KMT,中國國民黨,1,1,1,0,0,0,0,16,0,-0.20000000000000018
2015,896581,964895,基隆市,13.70634391931231,13.779774566110916,0.10898066472144663,0.008373692869138694,10.060697185230794,3.9,18962.0,143392.0,0.01648359754969242,-0.0672385626277503,KMT,中國國民黨,DPP,民主進步黨,0,1,0,1,0,0,0,1,1,-0.10000000000000009
2016,902459,993115,基隆市,13.712878538794348,13.808601746996494,0.006534619482037485,0.02882718088557823,-2.2292561403540745,4.0,19189.0,158108.0,0.011900221691838908,0.09769620521702826,DPP,民主進步黨,DPP,民主進步黨,1,1,0,1,0,0,0,2,0,0.10000000000000009
2017,924561,1018941,基隆市,13.737074309244308,13.834274410626733,0.024195770449960463,0.0256726636302389,-0.1476893180278438,3.8,19426.0,136279.0,0.012275176792533316,-0.14857408888878787,DPP,民主進步黨,DPP,民主進步黨,1,1,0,1,0,0,0,3,0,-0.20000000000000018
2018,896746,1036304,基隆市,13.706527934832588,13.851171095050994,-0.03054637441172048,0.0168966844242604,-4.744305883598088,3.7,19477.0,157716.0,0.002621907267624124,0.14609169235589903,DPP,民主進步黨,DPP,民主進步黨,1,1,0,1,0,0,0,4,0,-0.09999999999999964
2019,957069,1059731,基隆市,13.771630768149468,13.873525660297378,0.06510283331687994,0.022354565246384794,4.274826807049514,3.8,19655.0,154923.0,0.009097476626060086,-0.017867727995353633,DPP,民主進步黨,DPP,民主進步黨,1,1,0,1,0,0,0,5,0,0.09999999999999964
2020,946221,1079648,基隆市,13.760231435972216,13.892145620049078,-0.011399332177251864,0.01861995975169961,-3.0019291928951475,4.0,19988.0,172952.0,0.016800334608134904,0.11008588005964448,DPP,民主進步黨,DPP,民主進步黨,1,1,0,1,0,0,0,6,0,0.20000000000000018
2021,934080,1090554,基隆市,13.747317366647888,13.902196381967281,-0.012914069324327926,0.010050761918202866,-2.296483124253079,4.0,20450.0,238807.0,0.02285078900685278,0.3226415949694914,DPP,民主進步黨,DPP,民主進步黨,1,1,0,1,0,0,0,7,0,0.0
2022,917655,1108569,基隆市,13.72957678197226,13.918580552380039,-0.017740584675628668,0.01638417041275808,-3.412475508838675,3.8,20708.0,237810.0,0.012537216550844832,-0.004183658804480572,DPP,民主進步黨,DPP,民主進步黨,1,1,0,1,0,0,0,8,0,-0.20000000000000018
2023,954117,1136708,基隆市,13.768541584420003,13.943646923566812,0.03896480244774381,0.025066371186772685,1.3898431260971122,3.5,21001.0,240231.0,0.01404995659763486,0.010128924918699767,DPP,民主進步黨,KMT,中國國民黨,0,1,1,0,0,0,0,1,1,-0.2999999999999998
2024,919226,1165206,基隆市,13.731287290582278,13.968408453384745,-0.03725429383772472,0.024761529817933337,-6.201582365565805,3.5,21378.0,243922.0,0.017792300214463097,0.015247541620153626,DPP,民主進步黨,KMT,中國國民黨,0,1,1,0,0,0,0,2,0,0.0
1998,783504,873175,宜蘭縣,13.571531446061925,13.67989127292283,,,,3.4,,,,,KMT,中國國民黨,DPP,民主進步黨,0,1,0,1,0,0,0,1,0,
1999,826697,889053,宜蘭縣,13.625193522348251,13.697912130266793,0.0536620762863258,0.01802085734396286,3.564121894236294,3.5,,,,,KMT,中國國民黨,DPP,民主進步黨,0,1,0,1,0,0,0,1,0,0.10000000000000009
2000,805088,891445,宜蘭縣,13.598706867196244,13.700599020607656,-0.026486655152007543,0.002686890340863002,-2.9173545492870545,3.6,,,,,DPP,民主進步黨,DPP,民主進步黨,1,1,0,1,0,0,0,2,0,0.10000000000000009
2001,725890,868651,宜蘭縣,13.495153767175838,13.674696712533033,-0.10355310002040596,-0.025902308074623903,-7.765079194578206,5.0,,,,,DPP,民主進步黨,DPP,民主進步黨,1,1,0,1,0,0,0,3,0,1.4
2002,695577,875919,宜蘭縣,13.452496995935734,13.683028899889882,-0.04265677124010381,0.008332187356849374,-5.098895859695318,5.4,,,,,DPP,民主進步黨,DPP,民主進步黨,1,1,0,1,0,0,0,4,0,0.40000000000000036
2003,779157,881662,宜蘭縣,13.565967844982797,13.689564041586747,0.11347084904706328,0.00653514169686531,10.693570735019797,5.2,,,,,DPP,民主進步黨,DPP,民主進步黨,1,1,0,1,0,0,0,5,0,-0.20000000000000018
2004,729324,891249,宜蘭縣,13.499873356699062,13.700379128690377,-0.06609448828373488,0.010815087103630106,-7.690957538736498,4.6,,,,,DPP,民主進步黨,DPP,民主進步黨,1,1,0,1,0,0,0,6,0,-0.6000000000000005
2005,822477,894574,宜蘭縣,13.62007579770484,13.70410290629004,0.12020244100577848,0.003723777599661915,11.647866340611657,4.3,,,,,DPP,民主進步黨,DPP,民主進步黨,1,1,0,1,0,0,0,7,0,-0.2999999999999998
2006,767861,913092,宜蘭縣,13.551364006165885,13.72459192120366,-0.06871179153895568,0.020489014913620096,-8.920080645257578,4.1,,,,,DPP,民主進步黨,KMT,中國國民黨,0,1,1,0,0,0,0,1,1,-0.20000000000000018
2007,750870,923874,宜蘭縣,13.52898781323234,13.736330977689091,-0.02237619293354598,0.011739056485431831,-3.411524941897781,4.0,,,,,DPP,民主進步黨,KMT,中國國民黨,0,1,1,0,0,0,0,2,0,-0.09999999999999964
2008,847932,913687,宜蘭縣,13.650555722879512,13.72524334102077,0.12156790964717246,-0.011087636668321466,13.265554631549392,4.3,,,,,KMT,中國國民黨,KMT,中國國民黨,1,1,1,0,0,0,0,3,0,0.2999999999999998
2009,746261,887605,宜蘭縣,13.52283068394882,13.696282103192804,-0.12772503893069143,-0.028961237827966002,-9.876380110272542,5.7,,,,,KMT,中國國民黨,KMT,中國國民黨,1,1,1,0,0,0,0,4,0,1.4000000000000004
2010,802483,889353,宜蘭縣,13.595465949961305,13.698249511048061,0.07263526601248493,0.001967407855257619,7.0667858157227315,5.1,,,,,KMT,中國國民黨,DPP,民主進步黨,0,1,0,1,0,0,0,1,1,-0.6000000000000005
2011,721410,907988,宜蘭縣,13.488962909290626,13.71898644163707,-0.10650304067067928,0.02073693058900794,-12.723997125968722,4.4,,,,,KMT,中國國民黨,DPP,民主進步黨,0,1,0,1,0,0,0,2,0,-0.6999999999999993
2012,892727,923584,宜蘭縣,13.702036102033249,13.73601703279575,0.21307319274262326,0.01703059115868122,19.604260158394204,4.3,,,,,KMT,中國國民黨,DPP,民主進步黨,0,1,0,1,0,0,0,3,0,-0.10000000000000053
2013,813875,942208,宜蘭縣,13.609562070539162,13.755981335978323,-0.09247403149408662,0.01996430318257225,-11.243833467665887,4.3,27715.0,269942.0,,,KMT,中國國民黨,DPP,民主進步黨,0,1,0,1,0,0,0,4,0,0.0
2014,902604,956849,宜蘭縣,13.713039198007142,13.771400873241777,0.1034771274679791,0.015419537263454686,8.805759020452442,3.9,27287.0,277723.0,-0.01556338457173645,0.028417092966043,KMT,中國國民黨,DPP,民主進步黨,0,1,0,1,0,0,0,5,0,-0.3999999999999999
2015,961095,964895,宜蘭縣,13.77582853842556,13.779774566110916,0.06278934041841921,0.008373692869138694,5.441564754928052,3.9,27800.0,269508.0,0.018625622396559294,-0.03002613956400957,KMT,中國國民黨,DPP,民主進步黨,0,1,0,1,0,0,0,6,0,0.0
2016,906825,993115,宜蘭縣,13.717704766710558,13.808601746996494,-0.05812377171500316,0.02882718088557823,-8.695095260058139,4.0,28323.0,359025.0,0.018638174721898437,0.28679394943709724,DPP,民主進步黨,DPP,民主進步黨,1,1,0,1,0,0,0,7,0,0.10000000000000009
2017,901167,1018941,宜蘭縣,13.711445869026901,13.834274410626733,-0.006258897683656173,0.0256726636302389,-3.1931561313895074,3.8,28628.0,263415.0,0.010711064457861852,-0.30966128865075504,DPP,民主進步黨,DPP,民主進步黨,1,1,0,1,0,0,0,8,0,-0.20000000000000018
2018,906350,1036304,宜蘭縣,13.717180823891065,13.851171095050994,0.0057349548641632,0.0168966844242604,-1.11617295600972,3.8,28494.0,302680.0,-0.004691721081311329,0.138945406530393,DPP,民主進步黨,DPP,民主進步黨,1,1,0,1,0,0,0,9,0,0.0
2019,921399,1059731,宜蘭縣,13.733648446178394,13.873525660297378,0.016467622287329675,0.022354565246384794,-0.5886942959055119,3.7,28683.0,284999.0,0.006611073976378279,-0.06019047033575653,DPP,民主進步黨,KMT,中國國民黨,0,1,1,0,0,0,0,1,1,-0.09999999999999964
2020,959374,1079648,宜蘭縣,13.774036267411878,13.892145620049078,0.040387821233483834,0.01861995975169961,2.1767861481784223,3.9,29297.0,290784.0,0.021180508930985553,0.020095052022371718,DPP,民主進步黨,KMT,中國國民黨,0,1,1,0,0,0,0,2,0,0.19999999999999973
2021,949853,1090554,宜蘭縣,13.764062514761639,13.902196381967281,-0.009973752650239476,0.010050761918202866,-2.002451456844234,4.0,30278.0,320843.0,0.03293625448728221,0.09837118339712703,DPP,民主進步黨,KMT,中國國民黨,0,1,1,0,0,0,0,3,0,0.10000000000000009
2022,961225,1108569,宜蘭縣,13.775963791661441,13.918580552380039,0.011901276899802582,0.01638417041275808,-0.4482893512955499,3.7,31114.0,345952.0,0.027236502475243896,0.07534813020029674,DPP,民主進步黨,KMT,中國國民黨,0,1,1,0,0,0,0,4,0,-0.2999999999999998
2023,940349,1136708,宜蘭縣,13.754006361935831,13.943646923566812,-0.02195742972561021,0.025066371186772685,-4.70238009123829,3.5,31971.0,355937.0,0.027171363241997426,0.02845371178915279,DPP,民主進步黨,KMT,中國國民黨,0,1,1,0,0,0,0,5,0,-0.20000000000000018
2024,939611,1165206,宜蘭縣,13.753221238807775,13.968408453384745,-0.0007851231280557869,0.024761529817933337,-2.5546652945989123,3.4,33090.0,367824.0,0.034401880026592835,0.03285081399664591,DPP,民主進步黨,KMT,中國國民黨,0,1,1,0,0,0,0,6,0,-0.10000000000000009
1998,742449,873175,屏東縣,13.517709460431254,13.67989127292283,,,,2.8,,,,,KMT,中國國民黨,DPP,民主進步黨,0,1,0,1,0,0,0,1,0,
1999,718919,889053,屏東縣,13.485503973889651,13.697912130266793,-0.032205486541602824,0.01802085734396286,-5.022634388556568,2.2,,,,,KMT,中國國民黨,DPP,民主進步黨,0,1,0,1,0,0,0,1,0,-0.5999999999999996
2000,767107,891445,屏東縣,13.55038157518277,13.700599020607656,0.06487760129311937,0.002686890340863002,6.219071095225637,2.2,,,,,DPP,民主進步黨,DPP,民主進步黨,1,1,0,1,0,0,0,2,0,0.0
2001,679721,868651,屏東縣,13.42943769884098,13.674696712533033,-0.12094387634179071,-0.025902308074623903,-9.504156826716681,4.5,,,,,DPP,民主進步黨,DPP,民主進步黨,1,1,0,1,0,0,0,3,0,2.3
2002,782085,875919,屏東縣,13.569718709272678,13.683028899889882,0.14028101043169805,0.008332187356849374,13.194882307484868,4.9,,,,,DPP,民主進步黨,DPP,民主進步黨,1,1,0,1,0,0,0,4,0,0.40000000000000036
2003,757714,881662,屏東縣,13.538061284718545,13.689564041586747,-0.03165742455413323,0.00653514169686531,-3.819256625099854,4.9,,,,,DPP,民主進步黨,DPP,民主進步黨,1,1,0,1,0,0,0,5,0,0.0
2004,703809,891249,屏東縣,13.464262291511645,13.700379128690377,-0.07379899320689987,0.010815087103630106,-8.461408031052997,4.5,,,,,DPP,民主進步黨,DPP,民主進步黨,1,1,0,1,0,0,0,6,0,-0.40000000000000036
2005,741094,894574,屏東縣,13.515882751833272,13.70410290629004,0.051620460321627704,0.003723777599661915,4.789668272196579,4.2,,,,,DPP,民主進步黨,DPP,民主進步黨,1,1,0,1,0,0,0,7,0,-0.2999999999999998
2006,747713,913092,屏東縣,13.52477449348926,13.72459192120366,0.008891741655988383,0.020489014913620096,-1.1597273257631713,3.7,,,,,DPP,民主進步黨,DPP,民主進步黨,1,1,0,1,0,0,0,8,0,-0.5
2007,796114,923874,屏東縣,13.587497670652478,13.736330977689091,0.06272317716321751,0.011739056485431831,5.098412067778568,3.8,,,,,DPP,民主進步黨,DPP,民主進步黨,1,1,0,1,0,0,0,9,0,0.09999999999999964
2008,701111,913687,屏東縣,13.460421498702559,13.72524334102077,-0.12707617194991983,-0.011087636668321466,-11.598853528159836,4.0,,,,,KMT,中國國民黨,DPP,民主進步黨,0,1,0,1,0,0,0,10,0,0.20000000000000018
2009,727434,887605,屏東縣,13.497278552262843,13.696282103192804,0.03685705356028457,-0.028961237827966002,6.581829138825057,5.8,,,,,KMT,中國國民黨,DPP,民主進步黨,0,1,0,1,0,0,0,11,0,1.7999999999999998
2010,704748,889353,屏東縣,13.465595571086556,13.698249511048061,-0.03168298117628687,0.001967407855257619,-3.365038903154449,5.1,,,,,KMT,中國國民黨,DPP,民主進步黨,0,1,0,1,0,0,0,12,0,-0.7000000000000002
2011,710173,907988,屏東縣,13.473263881308572,13.71898644163707,0.007668310222015862,0.02073693058900794,-1.3068620366992079,4.3,,,,,KMT,中國國民黨,DPP,民主進步黨,0,1,0,1,0,0,0,13,0,-0.7999999999999998
2012,736174,923584,屏東縣,13.509221782813333,13.73601703279575,0.035957901504760414,0.01703059115868122,1.8927310346079196,4.2,,,,,KMT,中國國民黨,DPP,民主進步黨,0,1,0,1,0,0,0,14,0,-0.09999999999999964
2013,722101,942208,屏東縣,13.489920297288059,13.755981335978323,-0.019301485525273776,0.01996430318257225,-3.9265788707846028,4.1,37756.0,355624.0,,,KMT,中國國民黨,DPP,民主進步黨,0,1,0,1,0,0,0,15,0,-0.10000000000000053
2014,699548,956849,屏東縣,13.458189691176571,13.771400873241777,-0.0317306061114877,0.015419537263454686,-4.715014337494239,3.9,38331.0,365681.0,0.015114564814597387,0.027887375725271113,KMT,中國國民黨,DPP,民主進步黨,0,1,0,1,0,0,0,16,0,-0.19999999999999973
2015,735650,964895,屏東縣,13.508509741126094,13.779774566110916,0.05032004994952288,0.008373692869138694,4.194635708038419,3.8,38893.0,351369.0,0.014555317568296644,-0.039924415343964625,KMT,中國國民黨,DPP,民主進步黨,0,1,0,1,0,0,0,17,0,-0.10000000000000009
2016,761571,993115,屏東縣,13.543138684003225,13.808601746996494,0.0346289428771307,0.02882718088557823,0.5801761991552468,3.9,39685.0,356842.0,0.020158996697245968,0.015456153475549073,DPP,民主進步黨,DPP,民主進步黨,1,1,0,1,0,0,0,18,0,0.10000000000000009
2017,801448,1018941,屏東縣,13.594175370573966,13.834274410626733,0.05103668657074145,0.0256726636302389,2.536402294050255,3.9,40333.0,386394.0,0.016196709888832928,0.0795644674847864,DPP,民主進步黨,DPP,民主進步黨,1,1,0,1,0,0,0,19,0,0.0
2018,834508,1036304,屏東縣,13.634597608616865,13.851171095050994,0.040422238042898684,0.0168966844242604,2.3525553618638284,3.7,41472.0,400205.0,0.02784850829813834,0.03511934155721619,DPP,民主進步黨,DPP,民主進步黨,1,1,0,1,0,0,0,20,0,-0.19999999999999973
2019,816584,1059731,屏東縣,13.61288506423946,13.873525660297378,-0.02171254437740444,0.022354565246384794,-4.406710962378924,3.7,41982.0,423859.0,0.0122224542620053,0.05742393693136627,DPP,民主進步黨,DPP,民主進步黨,1,1,0,1,0,0,0,21,0,0.0
2020,891979,1079648,屏東縣,13.701197868684119,13.892145620049078,0.08831280444465861,0.01861995975169961,6.9692844692959,3.8,43455.0,427674.0,0.034484964897607995,0.008960370355428182,DPP,民主進步黨,DPP,民主進步黨,1,1,0,1,0,0,0,22,0,0.09999999999999964
2021,875841,1090554,屏東縣,13.682939846594852,13.902196381967281,-0.018258022089266746,0.010050761918202866,-2.830878400746961,3.9,44576.0,477495.0,0.025469677707972593,0.11019246555026996,DPP,民主進步黨,DPP,民主進步黨,1,1,0,1,0,0,0,23,0,0.10000000000000009
2022,909670,1108569,屏東縣,13.720837175361567,13.918580552380039,0.03789732876671437,0.01638417041275808,2.1513158353956285,3.7,45963.0,516256.0,0.030641127404329893,0.07804907782196047,DPP,民主進步黨,DPP,民主進步黨,1,1,0,1,0,0,0,24,0,-0.19999999999999973
2023,909690,1136708,屏東縣,13.720859161114799,13.943646923566812,2.1985753232200977e-05,0.025066371186772685,-2.5044385433540484,3.5,47475.0,531259.0,0.03236653169662418,0.02864689478786353,DPP,民主進步黨,DPP,民主進步黨,1,1,0,1,0,0,0,25,0,-0.20000000000000018
2024,907896,1165206,屏東縣,13.718885113578583,13.968408453384745,-0.0019740475362155507,0.024761529817933337,-2.6735577354148887,3.4,48878.0,539728.0,0.029124140797607723,0.01581564768169308,DPP,民主進步黨,DPP,民主進步黨,1,1,0,1,0,0,0,26,0,-0.10000000000000009
1998,804131,873175,彰化縣,13.597517470211969,13.67989127292283,,,,1.8,,,,,KMT,中國國民黨,KMT,中國國民黨,1,1,1,0,0,0,0,1,0,
1999,755213,889053,彰化縣,13.53475510764832,13.697912130266793,-0.06276236256364953,0.01802085734396286,-8.07832199076124,1.7,,,,,KMT,中國國民黨,KMT,中國國民黨,1,1,1,0,0,0,0,1,0,-0.10000000000000009
2000,757817,891445,彰化縣,13.538197210674738,13.700599020607656,0.003442103026419119,0.002686890340863002,0.0755212685556117,1.7,,,,,DPP,民主進步黨,KMT,中國國民黨,0,1,1,0,0,0,0,2,0,0.0
2001,706694,868651,彰化縣,13.468353036477346,13.674696712533033,-0.0698441741973923,-0.025902308074623903,-4.39418661227684,4.0,,,,,DPP,民主進步黨,KMT,中國國民黨,0,1,1,0,0,0,0,3,0,2.3
2002,799305,875919,彰化縣,13.591497879068084,13.683028899889882,0.12314484259073843,0.008332187356849374,11.481265523388906,5.2,,,,,DPP,民主進步黨,DPP,民主進步黨,1,1,0,1,0,0,0,1,1,1.2000000000000002
2003,816066,881662,彰化縣,13.612250513028384,13.689564041586747,0.02075263396029925,0.00653514169686531,1.421749226343394,4.7,,,,,DPP,民主進步黨,DPP,民主進步黨,1,1,0,1,0,0,0,2,0,-0.5
2004,803292,891249,彰化縣,13.596473563192855,13.700379128690377,-0.015776949835528242,0.010815087103630106,-2.6592036939158348,4.2,,,,,DPP,民主進步黨,DPP,民主進步黨,1,1,0,1,0,0,0,3,0,-0.5
2005,765433,894574,彰化縣,13.548196965755588,13.70410290629004,-0.0482765974372672,0.003723777599661915,-5.200037503692911,4.0,,,,,DPP,民主進步黨,DPP,民主進步黨,1,1,0,1,0,0,0,4,0,-0.20000000000000018
2006,815377,913092,彰化縣,13.611405861954502,13.72459192120366,0.06320889619891368,0.020489014913620096,4.271988128529358,3.8,,,,,DPP,民主進步黨,KMT,中國國民黨,0,1,1,0,0,0,0,1,1,-0.20000000000000018
2007,776371,923874,彰化縣,13.56238577769892,13.736330977689091,-0.049020084255582574,0.011739056485431831,-6.075914074101441,3.8,,,,,DPP,民主進步黨,KMT,中國國民黨,0,1,1,0,0,0,0,2,0,0.0
2008,760545,913687,彰化縣,13.541790560528549,13.72524334102077,-0.020595217170370717,-0.011087636668321466,-0.9507580502049251,4.2,,,,,KMT,中國國民黨,KMT,中國國民黨,1,1,1,0,0,0,0,3,0,0.40000000000000036
2009,750697,887605,彰化縣,13.52875738728296,13.696282103192804,-0.013033173245588614,-0.028961237827966002,1.5928064582377388,5.8,,,,,KMT,中國國民黨,KMT,中國國民黨,1,1,1,0,0,0,0,4,0,1.5999999999999996
2010,741050,889353,彰化縣,13.515823378385061,13.698249511048061,-0.012934008897898863,0.001967407855257619,-1.4901416753156482,5.2,,,,,KMT,中國國民黨,KMT,中國國民黨,1,1,1,0,0,0,0,5,0,-0.5999999999999996
2011,772072,907988,彰化縣,13.556833088906778,13.71898644163707,0.04100971052171687,0.02073693058900794,2.027277993270893,4.4,,,,,KMT,中國國民黨,KMT,中國國民黨,1,1,1,0,0,0,0,6,0,-0.7999999999999998
2012,792362,923584,彰化縣,13.582773637078636,13.73601703279575,0.025940548171858424,0.01703059115868122,0.8909957013177205,4.2,,,,,KMT,中國國民黨,KMT,中國國民黨,1,1,1,0,0,0,0,7,0,-0.20000000000000018
2013,789742,942208,彰化縣,13.579461588825117,13.755981335978323,-0.003312048253519606,0.01996430318257225,-2.3276351436091858,4.0,69980.0,1336840.0,,,KMT,中國國民黨,KMT,中國國民黨,1,1,1,0,0,0,0,8,0,-0.20000000000000018
2014,783460,956849,彰化縣,13.571475286507512,13.771400873241777,-0.007986302317604554,0.015419537263454686,-2.340583958105924,3.9,70567.0,1382651.0,0.008353126187575555,0.03369405081950383,KMT,中國國民黨,KMT,中國國民黨,1,1,1,0,0,0,0,9,0,-0.10000000000000009
2015,775465,964895,彰化縣,13.561218128407452,13.779774566110916,-0.010257158100060337,0.008373692869138694,-1.863085096919903,3.7,71746.0,1289656.0,0.016569490829652977,-0.06962715472812775,KMT,中國國民黨,DPP,民主進步黨,0,1,0,1,0,0,0,1,1,-0.19999999999999973
2016,838103,993115,彰化縣,13.638896283605707,13.808601746996494,0.07767815519825483,0.02882718088557823,4.88509743126766,3.8,72676.0,1343309.0,0.01287910228342426,0.04076045683746088,DPP,民主進步黨,DPP,民主進步黨,1,1,0,1,0,0,0,2,0,0.09999999999999964
2017,816320,1018941,彰化縣,13.612561713935584,13.834274410626733,-0.02633456967012293,0.0256726636302389,-5.200723330036183,3.6,73761.0,1386993.0,0.014818930399972174,0.032002121473727385,DPP,民主進步黨,DPP,民主進步黨,1,1,0,1,0,0,0,3,0,-0.19999999999999973
2018,842573,1036304,彰化縣,13.644215584339303,13.851171095050994,0.03165387040371925,0.0168966844242604,1.4757185979458853,3.6,74962.0,1429169.0,0.016151181830549532,0.029955062019451972,DPP,民主進步黨,DPP,民主進步黨,1,1,0,1,0,0,0,4,0,0.0
2019,863243,1059731,彰化縣,13.668451506328543,13.873525660297378,0.024235921989239628,0.022354565246384794,0.1881356742854834,3.7,76281.0,1387724.0,0.017442571771796977,-0.029428161426050536,DPP,民主進步黨,KMT,中國國民黨,0,1,1,0,0,0,0,1,1,0.10000000000000009
2020,845399,1079648,彰化縣,13.647563984242113,13.892145620049078,-0.0208875220864293,0.01861995975169961,-3.950748183812891,3.8,77835.0,1346468.0,0.02016731124529869,-0.030180127379999533,DPP,民主進步黨,KMT,中國國民黨,0,1,1,0,0,0,0,2,0,0.09999999999999964
2021,906679,1090554,彰化縣,13.717543752452727,13.902196381967281,0.06997976821061336,0.010050761918202866,5.992900629241049,3.8,79753.0,1603926.0,0.024343157024478757,0.17496950604711792,DPP,民主進步黨,KMT,中國國民黨,0,1,1,0,0,0,0,3,0,0.0
2022,924960,1108569,彰化縣,13.737505772316304,13.918580552380039,0.01996201986357704,0.01638417041275808,0.35778494508189596,3.6,81226.0,1685919.0,0.01830103444754272,0.04985644200420403,DPP,民主進步黨,KMT,中國國民黨,0,1,1,0,0,0,0,4,0,-0.19999999999999973
2023,967506,1136708,彰化縣,13.782476905417232,13.943646923566812,0.04497113310092793,0.025066371186772685,1.9904761914155245,3.5,82470.0,1521782.0,0.015199197885429783,-0.102428799128921,DPP,民主進步黨,KMT,中國國民黨,0,1,1,0,0,0,0,5,0,-0.10000000000000009
2024,917893,1165206,彰化縣,13.729836105075043,13.968408453384745,-0.05264080034218921,0.024761529817933337,-7.7402330160122546,3.4,84023.0,1619764.0,0.0186559800428725,0.06239844302770159,DPP,民主進步黨,KMT,中國國民黨,0,1,1,0,0,0,0,6,0,-0.10000000000000009
1998,875751,873175,新北市,13.682837082937471,13.67989127292283,,,,2.8,,,,,KMT,中國國民黨,DPP,民主進步黨,0,1,0,1,1,0,0,1,0,
1999,892692,889053,新北市,13.70199689555006,13.697912130266793,0.019159812612588922,0.01802085734396286,0.11389552686260629,3.0,,,,,KMT,中國國民黨,DPP,民主進步黨,0,1,0,1,1,0,0,1,0,0.20000000000000018
2000,882634,891445,新北市,13.69066589762263,13.700599020607656,-0.01133099792743053,0.002686890340863002,-1.4017888268293532,3.0,,,,,DPP,民主進步黨,DPP,民主進步黨,1,1,0,1,1,0,0,2,0,0.0
2001,896186,868651,新北市,13.705903259699108,13.674696712533033,0.015237362076478078,-0.025902308074623903,4.113967015110198,4.9,,,,,DPP,民主進步黨,DPP,民主進步黨,1,1,0,1,1,0,0,3,0,1.9000000000000004
2002,899975,875919,新北市,13.71012226414286,13.683028899889882,0.004219004443752894,0.008332187356849374,-0.41131829130964803,5.5,,,,,DPP,民主進步黨,DPP,民主進步黨,1,1,0,1,1,0,0,4,0,0.5999999999999996
2003,905166,881662,新北市,13.715873631276043,13.689564041586747,0.005751367133182583,0.00653514169686531,-0.07837745636827265,5.2,,,,,DPP,民主進步黨,DPP,民主進步黨,1,1,0,1,1,0,0,5,0,-0.2999999999999998
2004,918055,891249,新北市,13.730012580661954,13.700379128690377,0.014138949385911204,0.010815087103630106,0.3323862282281098,4.6,,,,,DPP,民主進步黨,DPP,民主進步黨,1,1,0,1,1,0,0,6,0,-0.6000000000000005
2005,934211,894574,新北市,13.747457601761383,13.70410290629004,0.01744502109942836,0.003723777599661915,1.3721243499766445,4.1,,,,,DPP,民主進步黨,DPP,民主進步黨,1,1,0,1,1,0,0,7,0,-0.5
2006,930130,913092,新北市,13.74307964030667,13.72459192120366,-0.004377961454713031,0.020489014913620096,-2.4866976368333127,3.8,,,,,DPP,民主進步黨,KMT,中國國民黨,0,1,1,0,1,0,0,1,1,-0.2999999999999998
2007,912968,923874,新北市,13.724456109674804,13.736330977689091,-0.018623530631865393,0.011739056485431831,-3.0362587117297224,3.8,,,,,DPP,民主進步黨,KMT,中國國民黨,0,1,1,0,1,0,0,2,0,0.0
2008,972062,913687,新北市,13.787174867416566,13.72524334102077,0.06271875774176117,-0.011087636668321466,7.380639441008263,4.1,,,,,KMT,中國國民黨,KMT,中國國民黨,1,1,1,0,1,0,0,3,0,0.2999999999999998
2009,922690,887605,新北市,13.735048595749166,13.696282103192804,-0.05212627166739914,-0.028961237827966002,-2.3165033839433136,5.9,,,,,KMT,中國國民黨,KMT,中國國民黨,1,1,1,0,1,0,0,4,0,1.8000000000000007
2010,893859,889353,新北市,13.703303323596035,13.698249511048061,-0.031745272153131054,0.001967407855257619,-3.3712680008388674,5.2,,,,,KMT,中國國民黨,KMT,中國國民黨,1,1,1,0,1,0,0,5,0,-0.7000000000000002
2011,927075,907988,新北市,13.739789747424133,13.71898644163707,0.03648642382809797,0.02073693058900794,1.5749493239090029,4.4,,,,,KMT,中國國民黨,KMT,中國國民黨,1,1,1,0,1,0,0,6,0,-0.7999999999999998
2012,911915,923584,新北市,13.72330206295853,13.73601703279575,-0.01648768446560389,0.01703059115868122,-3.351827562428511,4.2,,,,,KMT,中國國民黨,KMT,中國國民黨,1,1,1,0,1,0,0,7,0,-0.20000000000000018
2013,931239,942208,新北市,13.744271236525606,13.755981335978323,0.020969173567076282,0.01996430318257225,0.10048703845040308,4.2,213570.0,4276745.0,,,KMT,中國國民黨,KMT,中國國民黨,1,1,1,0,1,0,0,8,0,0.0
2014,947670,956849,新北市,13.761761619370027,13.771400873241777,0.017490382844421504,0.015419537263454686,0.2070845580966818,3.9,217206.0,4523790.0,0.016881564203737653,0.05615793184080964,KMT,中國國民黨,KMT,中國國民黨,1,1,1,0,1,0,0,9,0,-0.30000000000000027
2015,959507,964895,新北市,13.774174889869668,13.779774566110916,0.012413270499640916,0.008373692869138694,0.40395776305022224,3.7,221942.0,4459735.0,0.02156987448872094,-0.014260790851979621,KMT,中國國民黨,KMT,中國國民黨,1,1,1,0,1,0,0,10,0,-0.19999999999999973
2016,1011072,993115,新北市,13.826521712084036,13.808601746996494,0.052346822214367705,0.02882718088557823,2.3519641328789476,3.9,226123.0,4443441.0,0.01866301253443403,-0.003660270939647603,DPP,民主進步黨,KMT,中國國民黨,0,1,1,0,1,0,0,11,0,0.19999999999999973
2017,1046576,1018941,新北市,13.861034441260411,13.834274410626733,0.0345127291763756,0.0256726636302389,0.88400655461367,3.8,230710.0,4783498.0,0.02008241156673307,0.0737430017453935,DPP,民主進步黨,KMT,中國國民黨,0,1,1,0,1,0,0,12,0,-0.10000000000000009
2018,1069349,1036304,新北市,13.882560610065928,13.851171095050994,0.021526168805516832,0.0168966844242604,0.46294843812564324,3.7,234185.0,4953741.0,0.01494989071257713,0.03497097068330923,DPP,民主進步黨,KMT,中國國民黨,0,1,1,0,1,0,0,13,0,-0.09999999999999964
2019,1102332,1059731,新北市,13.9129384937396,13.873525660297378,0.030377883673672557,0.022354565246384794,0.8023318427287762,3.8,238452.0,5004847.0,0.018056630921584826,0.010263794153953398,DPP,民主進步黨,KMT,中國國民黨,0,1,1,0,1,0,0,14,0,0.09999999999999964
2020,1134884,1079648,新北市,13.942041001031422,13.892145620049078,0.029102507291820956,0.01861995975169961,1.0482547540121345,3.9,245294.0,5206981.0,0.028289458908529852,0.039593382370616936,DPP,民主進步黨,KMT,中國國民黨,0,1,1,0,1,0,0,15,0,0.10000000000000009
2021,1151270,1090554,新北市,13.956376238822036,13.902196381967281,0.014335237790614741,0.010050761918202866,0.4284475872411875,4.0,253583.0,5933537.0,0.03323369449562108,0.13062026864353093,DPP,民主進步黨,KMT,中國國民黨,0,1,1,0,1,0,0,16,0,0.10000000000000009
2022,1179777,1108569,新北市,13.980835995531454,13.918580552380039,0.024459756709417135,0.01638417041275808,0.8075586296659054,3.7,260102.0,6280670.0,0.025382676159463102,0.05685616880393951,DPP,民主進步黨,KMT,中國國民黨,0,1,1,0,1,0,0,17,0,-0.2999999999999998
2023,1195910,1136708,新北市,13.994417959825107,13.943646923566812,0.013581964293653215,0.025066371186772685,-1.148440689311947,3.5,266970.0,6436726.0,0.026062430761587763,0.02454336306412941,DPP,民主進步黨,KMT,中國國民黨,0,1,1,0,1,0,0,18,0,-0.20000000000000018
2024,1219151,1165206,新北市,14.013665272818153,13.968408453384745,0.019247312993046606,0.024761529817933337,-0.5514216824886731,3.4,273252.0,7283059.0,0.02325815379764684,0.123530940508644,DPP,民主進步黨,KMT,中國國民黨,0,1,1,0,1,0,0,19,0,-0.10000000000000009
1998,960109,873175,新竹市,13.774802098665319,13.67989127292283,,,,2.5,,,,,KMT,中國國民黨,DPP,民主進步黨,0,1,0,1,0,1,0,1,0,
1999,1011061,889053,新竹市,13.82651083248314,13.697912130266793,0.051708733817820374,0.01802085734396286,3.3687876473857514,2.7,,,,,KMT,中國國民黨,DPP,民主進步黨,0,1,0,1,0,1,0,1,0,0.20000000000000018
2000,1099335,891445,新竹市,13.910216009502768,13.700599020607656,0.08370517701962932,0.002686890340863002,8.101828667876632,2.7,,,,,DPP,民主進步黨,DPP,民主進步黨,1,1,0,1,0,1,0,2,0,0.0
2001,1101828,868651,新竹市,13.91248117665846,13.674696712533033,0.002265167155691472,-0.025902308074623903,2.8167475230315375,4.3,,,,,DPP,民主進步黨,DPP,民主進步黨,1,1,0,1,0,1,0,3,0,1.5999999999999996
2002,1027437,875919,新竹市,13.842577909604142,13.683028899889882,-0.06990326705431826,0.008332187356849374,-7.823545441116764,5.3,,,,,DPP,民主進步黨,KMT,中國國民黨,0,1,1,0,0,1,0,1,1,1.0
2003,1078255,881662,新竹市,13.890854551642857,13.689564041586747,0.04827664203871507,0.00653514169686531,4.174150034184976,5.2,,,,,DPP,民主進步黨,KMT,中國國民黨,0,1,1,0,0,1,0,2,0,-0.09999999999999964
2004,1217297,891249,新竹市,14.012143384924101,13.700379128690377,0.12128883328124473,0.010815087103630106,11.047374617761463,4.6,,,,,DPP,民主進步黨,KMT,中國國民黨,0,1,1,0,0,1,0,3,0,-0.6000000000000005
2005,1092427,894574,新竹市,13.90391238449741,13.70410290629004,-0.10823100042669154,0.003723777599661915,-11.195477802635345,4.2,,,,,DPP,民主進步黨,KMT,中國國民黨,0,1,1,0,0,1,0,4,0,-0.39999999999999947
2006,1171277,913092,新竹市,13.973605164563626,13.72459192120366,0.06969278006621593,0.020489014913620096,4.9203765152595835,4.1,,,,,DPP,民主進步黨,KMT,中國國民黨,0,1,1,0,0,1,0,5,0,-0.10000000000000053
2007,1277464,923874,新竹市,14.060387420623792,13.736330977689091,0.08678225606016632,0.011739056485431831,7.504319957473449,3.8,,,,,DPP,民主進步黨,KMT,中國國民黨,0,1,1,0,0,1,0,6,0,-0.2999999999999998
2008,1187288,913687,新竹市,13.987182272637424,13.72524334102077,-0.07320514798636779,-0.011087636668321466,-6.211751131804633,4.1,,,,,KMT,中國國民黨,KMT,中國國民黨,1,1,1,0,0,1,0,7,0,0.2999999999999998
2009,1133833,887605,新竹市,13.941114486111154,13.696282103192804,-0.04606778652627064,-0.028961237827966002,-1.7106548698304636,5.8,,,,,KMT,中國國民黨,KMT,中國國民黨,1,1,1,0,0,1,0,8,0,1.7000000000000002
2010,1184598,889353,新竹市,13.984914034489963,13.698249511048061,0.04379954837880895,0.001967407855257619,4.183214052355133,5.2,,,,,KMT,中國國民黨,KMT,中國國民黨,1,1,1,0,0,1,0,9,0,-0.5999999999999996
2011,1152707,907988,新竹市,13.957623647269546,13.71898644163707,-0.027290387220416434,0.02073693058900794,-4.8027317809424375,4.4,,,,,KMT,中國國民黨,KMT,中國國民黨,1,1,1,0,0,1,0,10,0,-0.7999999999999998
2012,1132620,923584,新竹市,13.940044090990835,13.73601703279575,-0.01757955627871155,0.01703059115868122,-3.461014743739277,4.2,,,,,KMT,中國國民黨,KMT,中國國民黨,1,1,1,0,0,1,0,11,0,-0.20000000000000018
2013,1224310,942208,新竹市,14.017887977961346,13.755981335978323,0.07784388697051092,0.01996430318257225,5.787958378793867,4.1,25786.0,1766622.0,,,KMT,中國國民黨,KMT,中國國民黨,1,1,1,0,0,1,0,12,0,-0.10000000000000053
2014,1245600,956849,新竹市,14.035127899501926,13.771400873241777,0.017239921540580738,0.015419537263454686,0.18203842771260526,3.9,26307.0,1897873.0,0.02000335447668178,0.07166453685799823,KMT,中國國民黨,KMT,中國國民黨,1,1,1,0,0,1,0,13,0,-0.19999999999999973
2015,1136385,964895,新竹市,13.94336272929744,13.779774566110916,-0.09176517020448571,0.008373692869138694,-10.01388630736244,3.9,26896.0,1936610.0,0.022142513200932967,0.020205236461425358,KMT,中國國民黨,DPP,民主進步黨,0,1,0,1,0,1,0,1,1,0.0
2016,1240355,993115,新竹市,14.030908186930546,13.808601746996494,0.08754545763310517,0.02882718088557823,5.871827674752694,3.9,27049.0,1961520.0,0.005672459366165228,0.012780661022944173,DPP,民主進步黨,DPP,民主進步黨,1,1,0,1,0,1,0,2,0,0.0
2017,1283253,1018941,新竹市,14.064908818233961,13.834274410626733,0.034000631303415574,0.0256726636302389,0.8327967673176673,3.8,27757.0,2150105.0,0.025838024602020226,0.0917969952625306,DPP,民主進步黨,DPP,民主進步黨,1,1,0,1,0,1,0,3,0,-0.10000000000000009
2018,1161766,1036304,新竹市,13.96545181917862,13.851171095050994,-0.09945699905534156,0.0168966844242604,-11.635368347960195,3.7,27862.0,2312899.0,0.0037756926495866594,0.07298503790519995,DPP,民主進步黨,DPP,民主進步黨,1,1,0,1,0,1,0,4,0,-0.09999999999999964
2019,1277527,1059731,新竹市,14.06043673586601,13.873525660297378,0.09498491668738929,0.022354565246384794,7.263035144100449,3.7,28138.0,2448327.0,0.00985722267098943,0.056903218099071395,DPP,民主進步黨,DPP,民主進步黨,1,1,0,1,0,1,0,5,0,0.0
2020,1294305,1079648,新竹市,14.073484429515087,13.892145620049078,0.013047693649077985,0.01861995975169961,-0.5572266102621626,3.8,28950.0,2831246.0,0.02844922806398209,0.14531196328402984,DPP,民主進步黨,DPP,民主進步黨,1,1,0,1,0,1,0,6,0,0.09999999999999964
2021,1296693,1090554,新竹市,14.075327735203595,13.902196381967281,0.0018433056885083232,0.010050761918202866,-0.8207456229694543,3.8,29834.0,3558062.0,0.030078478712734835,0.22849911716709848,DPP,民主進步黨,DPP,民主進步黨,1,1,0,1,0,1,0,7,0,0.0
2022,1374113,1108569,新竹市,14.13331899001305,13.918580552380039,0.05799125480945477,0.01638417041275808,4.160708439669669,3.6,30659.0,4283060.0,0.027277574393982817,0.18545169279562046,DPP,民主進步黨,DPP,民主進步黨,1,1,0,1,0,1,0,8,0,-0.19999999999999973
2023,1451037,1136708,新竹市,14.187789031196624,13.943646923566812,0.054470041183574125,0.025066371186772685,2.940366999680144,3.4,31432.0,3930583.0,0.024900225130437548,-0.08587994647243491,DPP,民主進步黨,TPP,台灣民眾黨,0,0,0,0,0,1,0,1,1,-0.20000000000000018
2024,1503646,1165206,新竹市,14.22340338344708,13.968408453384745,0.03561435225045528,0.024761529817933337,1.0852822432521947,3.3,32569.0,4689242.0,0.035534433459620374,0.17648318799214735,DPP,民主進步黨,TPP,台灣民眾黨,0,0,0,0,0,1,0,2,0,-0.10000000000000009
1998,910821,873175,新竹縣,13.722101669559413,13.67989127292283,,,,2.3,,,,,KMT,中國國民黨,KMT,中國國民黨,1,1,1,0,0,0,0,1,0,
1999,968579,889053,新竹縣,13.783585327939855,13.697912130266793,0.06148365838044256,0.01802085734396286,4.34628010364797,1.8,,,,,KMT,中國國民黨,KMT,中國國民黨,1,1,1,0,0,0,0,1,0,-0.4999999999999998
2000,1021919,891445,新竹縣,13.837192790244757,13.700599020607656,0.05360746230490143,0.002686890340863002,5.092057196403843,1.7,,,,,DPP,民主進步黨,KMT,中國國民黨,0,1,1,0,0,0,0,2,0,-0.10000000000000009
2001,922675,868651,新竹縣,13.735032338802709,13.674696712533033,-0.10216045144204777,-0.025902308074623903,-7.625814336742387,3.8,,,,,DPP,民主進步黨,KMT,中國國民黨,0,1,1,0,0,0,0,3,0,2.0999999999999996
2002,949374,875919,新竹縣,13.763558099007064,13.683028899889882,0.02852576020435471,0.008332187356849374,2.0193572847505337,4.4,,,,,DPP,民主進步黨,KMT,中國國民黨,0,1,1,0,0,0,0,4,0,0.6000000000000005
2003,930761,881662,新竹縣,13.743757810091127,13.689564041586747,-0.019800288915936548,0.00653514169686531,-2.633543061280186,4.2,,,,,DPP,民主進步黨,KMT,中國國民黨,0,1,1,0,0,0,0,5,0,-0.20000000000000018
2004,975383,891249,新竹縣,13.790585493359027,13.700379128690377,0.046827683267899545,0.010815087103630106,3.601259616426944,3.8,,,,,DPP,民主進步黨,KMT,中國國民黨,0,1,1,0,0,0,0,6,0,-0.40000000000000036
2005,1053182,894574,新竹縣,13.86732661568726,13.70410290629004,0.07674112232823305,0.003723777599661915,7.301734472857113,3.9,,,,,DPP,民主進步黨,KMT,中國國民黨,0,1,1,0,0,0,0,7,0,0.10000000000000009
2006,957811,913092,新竹縣,13.772405751477026,13.72459192120366,-0.09492086421023416,0.020489014913620096,-11.540987912385425,3.4,,,,,DPP,民主進步黨,KMT,中國國民黨,0,1,1,0,0,0,0,8,0,-0.5
2007,910180,923874,新竹縣,13.72139766113056,13.736330977689091,-0.051008090346465806,0.011739056485431831,-6.274714683189764,3.9,,,,,DPP,民主進步黨,KMT,中國國民黨,0,1,1,0,0,0,0,9,0,0.5
2008,1063948,913687,新竹縣,13.877497075508991,13.72524334102077,0.15609941437843133,-0.011087636668321466,16.71870510467528,4.0,,,,,KMT,中國國民黨,KMT,中國國民黨,1,1,1,0,0,0,0,10,0,0.10000000000000009
2009,1011033,887605,新竹縣,13.826483138419459,13.696282103192804,-0.05101393708953239,-0.028961237827966002,-2.205269926156639,5.9,,,,,KMT,中國國民黨,KMT,中國國民黨,1,1,1,0,0,0,0,11,0,1.9000000000000004
2010,1052587,889353,新竹縣,13.866761501455038,13.698249511048061,0.04027836303557919,0.001967407855257619,3.831095518032157,5.1,,,,,KMT,中國國民黨,KMT,中國國民黨,1,1,1,0,0,0,0,12,0,-0.8000000000000007
2011,1097918,907988,新竹縣,13.908926217024215,13.71898644163707,0.04216471556917689,0.02073693058900794,2.142778498016895,4.1,,,,,KMT,中國國民黨,KMT,中國國民黨,1,1,1,0,0,0,0,13,0,-1.0
2012,1093853,923584,新竹縣,13.905216883648682,13.73601703279575,-0.0037093333755322533,0.01703059115868122,-2.073992453421347,4.0,,,,,KMT,中國國民黨,KMT,中國國民黨,1,1,1,0,0,0,0,14,0,-0.09999999999999964
2013,1073893,942208,新竹縣,13.886800921527271,13.755981335978323,-0.018415962121411056,0.01996430318257225,-3.8380265303983307,4.0,25085.0,972046.0,,,KMT,中國國民黨,KMT,中國國民黨,1,1,1,0,0,0,0,15,0,0.0
2014,1108941,956849,新竹縣,13.918916063835221,13.771400873241777,0.03211514230794954,0.015419537263454686,1.6695605044494854,3.9,25756.0,1026743.0,0.026397551739721692,0.05474380674146673,KMT,中國國民黨,KMT,中國國民黨,1,1,1,0,0,0,0,16,0,-0.10000000000000009
2015,1026352,964895,新竹縣,13.84152132579642,13.779774566110916,-0.07739473803880159,0.008373692869138694,-8.576843090794029,3.7,27004.0,1013205.0,0.047317393503686134,-0.013273082209794396,KMT,中國國民黨,KMT,中國國民黨,1,1,1,0,0,0,0,17,0,-0.19999999999999973
2016,1105002,993115,新竹縣,13.915357702887103,13.808601746996494,0.07383637709068402,0.02882718088557823,4.5009196205105795,3.9,27740.0,1036181.0,0.026890411707062967,0.02242326500885561,DPP,民主進步黨,KMT,中國國民黨,0,1,1,0,0,0,0,18,0,0.19999999999999973
2017,1271770,1018941,新竹縣,14.055920188922666,13.834274410626733,0.14056248603556298,0.0256726636302389,11.488982240532408,3.7,28607.0,1087626.0,0.03077602823619685,0.04845550033626367,DPP,民主進步黨,KMT,中國國民黨,0,1,1,0,0,0,0,19,0,-0.19999999999999973
2018,1183400,1036304,新竹縣,13.98390220922473,13.851171095050994,-0.07201797969793589,0.0168966844242604,-8.891466412219629,3.7,29590.0,1184964.0,0.03378502328923538,0.08571505504060895,DPP,民主進步黨,KMT,中國國民黨,0,1,1,0,0,0,0,20,0,0.0
2019,1224585,1059731,新竹縣,14.018112569053374,13.873525660297378,0.03421035982864318,0.022354565246384794,1.1855794582258383,3.8,30609.0,1197573.0,0.033857616949159564,0.010584614400171333,DPP,民主進步黨,KMT,中國國民黨,0,1,1,0,0,0,0,21,0,0.09999999999999964
2020,1294404,1079648,新竹縣,14.073560915516447,13.892145620049078,0.055448346463073506,0.01861995975169961,3.6828386711373895,3.8,31762.0,1330015.0,0.03697652332717638,0.10489321158659592,DPP,民主進步黨,KMT,中國國民黨,0,1,1,0,0,0,0,22,0,0.0
2021,1350178,1090554,新竹縣,14.115746993574772,13.902196381967281,0.042186078058325194,0.010050761918202866,3.2135316140122328,3.8,33270.0,1573891.0,0.04638548334193082,0.16836067691408196,DPP,民主進步黨,KMT,中國國民黨,0,1,1,0,0,0,0,23,0,0.0
2022,1380296,1108569,新竹縣,14.13780852688673,13.918580552380039,0.02206153331195715,0.01638417041275808,0.5677362899199068,3.7,34699.0,1697864.0,0.042054778063365106,0.07582009317330218,DPP,民主進步黨,KMT,中國國民黨,0,1,1,0,0,0,0,24,0,-0.09999999999999964
2023,1429260,1136708,新竹縣,14.17266738577832,13.943646923566812,0.03485885889159057,0.025066371186772685,0.9792487704817887,3.5,36070.0,1648467.0,0.038750626821697054,-0.029525225322016624,DPP,民主進步黨,KMT,中國國民黨,0,1,1,0,0,0,0,25,0,-0.20000000000000018
2024,1481536,1165206,新竹縣,14.208589945396778,13.968408453384745,0.035922559618457583,0.024761529817933337,1.1161029800524247,3.3,37387.0,1899479.0,0.03586155549749925,0.1417338729125781,DPP,民主進步黨,KMT,中國國民黨,0,1,1,0,0,0,0,26,0,-0.20000000000000018
1998,950235,873175,桃園市,13.764464601407253,13.67989127292283,,,,2.1,,,,,KMT,中國國民黨,DPP,民主進步黨,0,1,0,1,1,0,0,1,0,
1999,944302,889053,桃園市,13.758201309219901,13.697912130266793,-0.006263292187352221,0.01802085734396286,-2.428414953131508,2.0,,,,,KMT,中國國民黨,DPP,民主進步黨,0,1,0,1,1,0,0,1,0,-0.10000000000000009
2000,985426,891445,桃園市,13.80082931396819,13.700599020607656,0.04262800474828943,0.002686890340863002,3.9941114407426426,2.0,,,,,DPP,民主進步黨,DPP,民主進步黨,1,1,0,1,1,0,0,2,0,0.0
2001,923301,868651,桃園市,13.735710570831724,13.674696712533033,-0.06511874313646615,-0.025902308074623903,-3.9216435061842247,4.3,,,,,DPP,民主進步黨,DPP,民主進步黨,1,1,0,1,1,0,0,3,0,2.3
2002,979979,875919,桃園市,13.79528642184573,13.683028899889882,0.05957585101400653,0.008332187356849374,5.124366365715716,5.1,,,,,DPP,民主進步黨,KMT,中國國民黨,0,1,1,0,1,0,0,1,1,0.7999999999999998
2003,959744,881662,桃園市,13.774421861215474,13.689564041586747,-0.020864560630256435,0.00653514169686531,-2.7399702327121744,4.7,,,,,DPP,民主進步黨,KMT,中國國民黨,0,1,1,0,1,0,0,2,0,-0.39999999999999947
2004,995951,891249,桃園市,13.811453338569384,13.700379128690377,0.03703147735390999,0.010815087103630106,2.6216390250279886,4.0,,,,,DPP,民主進步黨,KMT,中國國民黨,0,1,1,0,1,0,0,3,0,-0.7000000000000002
2005,985537,894574,桃園市,13.800941949263848,13.70410290629004,-0.010511389305536412,0.003723777599661915,-1.4235166905198327,4.1,,,,,DPP,民主進步黨,KMT,中國國民黨,0,1,1,0,1,0,0,4,0,0.09999999999999964
2006,981273,913092,桃園市,13.7966059872945,13.72459192120366,-0.0043359619693479345,0.020489014913620096,-2.482497688296803,4.0,,,,,DPP,民主進步黨,KMT,中國國民黨,0,1,1,0,1,0,0,5,0,-0.09999999999999964
2007,1003789,923874,桃園市,13.819292397784688,13.736330977689091,0.022686410490187825,0.011739056485431831,1.0947354004755994,4.0,,,,,DPP,民主進步黨,KMT,中國國民黨,0,1,1,0,1,0,0,6,0,0.0
2008,960037,913687,桃園市,13.774727104367974,13.72524334102077,-0.04456529341671356,-0.011087636668321466,-3.3477656748392093,4.3,,,,,KMT,中國國民黨,KMT,中國國民黨,1,1,1,0,1,0,0,7,0,0.2999999999999998
2009,940942,887605,桃園市,13.754636780111051,13.696282103192804,-0.020090324256923253,-0.028961237827966002,0.8870913571042749,6.0,,,,,KMT,中國國民黨,KMT,中國國民黨,1,1,1,0,1,0,0,8,0,1.7000000000000002
2010,915499,889353,桃園市,13.727224550796816,13.698249511048061,-0.027412229314235148,0.001967407855257619,-2.9379637169492767,5.3,,,,,KMT,中國國民黨,KMT,中國國民黨,1,1,1,0,1,0,0,9,0,-0.7000000000000002
2011,961998,907988,桃園市,13.776767650643603,13.71898644163707,0.04954309984678673,0.02073693058900794,2.880616925777879,4.4,,,,,KMT,中國國民黨,KMT,中國國民黨,1,1,1,0,1,0,0,10,0,-0.8999999999999995
2012,1007045,923584,桃園市,13.822530857891929,13.73601703279575,0.045763207248326054,0.01703059115868122,2.8732616089644836,4.3,,,,,KMT,中國國民黨,KMT,中國國民黨,1,1,1,0,1,0,0,11,0,-0.10000000000000053
2013,1027658,942208,桃園市,13.842792984820472,13.755981335978323,0.02026212692854301,0.01996430318257225,0.029782374597076,4.3,,,,,KMT,中國國民黨,KMT,中國國民黨,1,1,1,0,1,0,0,12,0,0.0
2014,1088867,956849,桃園市,13.900648264061715,13.771400873241777,0.05785527924124345,0.015419537263454686,4.243574197778877,4.0,,,,,KMT,中國國民黨,KMT,中國國民黨,1,1,1,0,1,0,0,13,0,-0.2999999999999998
2015,1073806,964895,桃園市,13.886719904587702,13.779774566110916,-0.013928359474013163,0.008373692869138694,-2.2302052343151857,3.9,,,,,KMT,中國國民黨,DPP,民主進步黨,0,1,0,1,1,0,0,1,1,-0.10000000000000009
2016,1087073,993115,桃園市,13.898999321162103,13.808601746996494,0.012279416574401125,0.02882718088557823,-1.6547764311177104,4.0,,,,,DPP,民主進步黨,DPP,民主進步黨,1,1,0,1,1,0,0,2,0,0.10000000000000009
2017,1105711,1018941,桃園市,13.915999124929954,13.834274410626733,0.016999803767850707,0.0256726636302389,-0.8672859862388194,3.9,,,,,DPP,民主進步黨,DPP,民主進步黨,1,1,0,1,1,0,0,3,0,-0.10000000000000009
2018,1129990,1036304,桃園市,13.937719341091844,13.851171095050994,0.02172021616189035,0.0168966844242604,0.4823531737629949,3.8,,,,,DPP,民主進步黨,DPP,民主進步黨,1,1,0,1,1,0,0,4,0,-0.10000000000000009
2019,1147356,1059731,桃園市,13.952970722846205,13.873525660297378,0.015251381754360693,0.022354565246384794,-0.7103183492024101,3.8,,,,,DPP,民主進步黨,DPP,民主進步黨,1,1,0,1,1,0,0,5,0,0.0
2020,1182717,1079648,桃園市,13.983324892026156,13.892145620049078,0.03035416917995093,0.01861995975169961,1.1734209428251319,4.0,,,,,DPP,民主進步黨,DPP,民主進步黨,1,1,0,1,1,0,0,6,0,0.20000000000000018
2021,1190800,1090554,桃園市,13.990135908123758,13.902196381967281,0.006811016097602263,0.010050761918202866,-0.32397458206006036,4.0,135298.0,4546518.0,,,DPP,民主進步黨,DPP,民主進步黨,1,1,0,1,1,0,0,7,0,0.0
2022,1195169,1108569,桃園市,13.993798155942658,13.918580552380039,0.0036622478188998997,0.01638417041275808,-1.2721922593858181,3.7,139918.0,5303767.0,0.03357678362448269,0.15405565754314132,DPP,民主進步黨,DPP,民主進步黨,1,1,0,1,1,0,0,8,0,-0.2999999999999998
2023,1223521,1136708,桃園市,14.017243325591698,13.943646923566812,0.02344516964904031,0.025066371186772685,-0.16212015377323752,3.5,145224.0,5367522.0,0.037220841262159965,0.01194902669628739,DPP,民主進步黨,KMT,中國國民黨,0,1,1,0,1,0,0,1,1,-0.20000000000000018
2024,1240719,1165206,桃園市,14.031201608249388,13.968408453384745,0.013958282657689836,0.024761529817933337,-1.08032471602435,3.4,150158.0,6012089.0,0.03341069507515826,0.1134059260022049,DPP,民主進步黨,KMT,中國國民黨,0,1,1,0,1,0,0,2,0,-0.10000000000000009
1998,504624,873175,澎湖縣,13.131568876483723,13.67989127292283,,,,1.7,,,,,KMT,中國國民黨,KMT,中國國民黨,1,1,1,0,0,0,1,1,0,
1999,588607,889053,澎湖縣,13.285514007337364,13.697912130266793,0.15394513085364103,0.01802085734396286,13.592427350967817,1.2,,,,,KMT,中國國民黨,KMT,中國國民黨,1,1,1,0,0,0,1,1,0,-0.5
2000,697315,891445,澎湖縣,13.454992524522261,13.700599020607656,0.16947851718489737,0.002686890340863002,16.679162684403437,1.6,,,,,DPP,民主進步黨,KMT,中國國民黨,0,1,1,0,0,0,1,2,0,0.40000000000000013
2001,595548,868651,澎湖縣,13.297237269063126,13.674696712533033,-0.1577552554591346,-0.025902308074623903,-13.18529473845107,3.5,,,,,DPP,民主進步黨,KMT,中國國民黨,0,1,1,0,0,0,1,3,0,1.9
2002,605641,875919,澎湖縣,13.31404268026684,13.683028899889882,0.01680541120371437,0.008332187356849374,0.8473223846864997,4.0,,,,,DPP,民主進步黨,KMT,中國國民黨,0,1,1,0,0,0,1,4,0,0.5
2003,588048,881662,澎湖縣,13.28456385620206,13.689564041586747,-0.029478824064780085,0.00653514169686531,-3.6013965761645395,4.5,,,,,DPP,民主進步黨,KMT,中國國民黨,0,1,1,0,0,0,1,5,0,0.5
2004,720582,891249,澎湖縣,13.487814497800132,13.700379128690377,0.20325064159807127,0.010815087103630106,19.243555449444116,4.1,,,,,DPP,民主進步黨,KMT,中國國民黨,0,1,1,0,0,0,1,6,0,-0.40000000000000036
2005,628399,894574,澎湖縣,13.350930594019243,13.70410290629004,-0.13688390378088933,0.003723777599661915,-14.060768138055124,4.2,,,,,DPP,民主進步黨,KMT,中國國民黨,0,1,1,0,0,0,1,7,0,0.10000000000000053
2006,705881,913092,澎湖縣,13.467201947027554,13.72459192120366,0.1162713530083117,0.020489014913620096,9.578233809469161,4.1,,,,,DPP,民主進步黨,DPP,民主進步黨,1,1,0,1,0,0,1,1,1,-0.10000000000000053
2007,644462,923874,澎湖縣,13.376171139188699,13.736330977689091,-0.09103080783885531,0.011739056485431831,-10.276986432428714,3.8,,,,,DPP,民主進步黨,DPP,民主進步黨,1,1,0,1,0,0,1,2,0,-0.2999999999999998
2008,732450,913687,澎湖縣,13.504150358157917,13.72524334102077,0.1279792189692177,-0.011087636668321466,13.906685563753918,4.2,,,,,KMT,中國國民黨,DPP,民主進步黨,0,1,0,1,0,0,1,3,0,0.40000000000000036
2009,689166,887605,澎湖縣,13.44323744985953,13.696282103192804,-0.060912908298385915,-0.028961237827966002,-3.1951670470419913,5.7,,,,,KMT,中國國民黨,DPP,民主進步黨,0,1,0,1,0,0,1,4,0,1.5
2010,827323,889353,澎湖縣,13.625950466073101,13.698249511048061,0.1827130162135706,0.001967407855257619,18.0745608358313,5.1,,,,,KMT,中國國民黨,DPP,民主進步黨,0,1,0,1,0,0,1,5,0,-0.6000000000000005
2011,673081,907988,澎湖縣,13.419620957996774,13.71898644163707,-0.20632950807632788,0.02073693058900794,-22.706643866533582,4.4,,,,,KMT,中國國民黨,DPP,民主進步黨,0,1,0,1,0,0,1,6,0,-0.6999999999999993
2012,727056,923584,澎湖縣,13.496758782434917,13.73601703279575,0.0771378244381431,0.01703059115868122,6.010723327946188,4.2,,,,,KMT,中國國民黨,DPP,民主進步黨,0,1,0,1,0,0,1,7,0,-0.20000000000000018
2013,769955,942208,澎湖縣,13.55408735056365,13.755981335978323,0.05732856812873344,0.01996430318257225,3.7364264946161185,4.0,6181.0,22784.0,,,KMT,中國國民黨,DPP,民主進步黨,0,1,0,1,0,0,1,8,0,-0.20000000000000018
2014,771376,956849,澎湖縣,13.55593121200885,13.771400873241777,0.0018438614452005453,0.015419537263454686,-1.357567581825414,3.9,6097.0,23747.0,-0.013683223751456808,0.04139767148310014,KMT,中國國民黨,DPP,民主進步黨,0,1,0,1,0,0,1,9,0,-0.10000000000000009
2015,673239,964895,澎湖縣,13.419855671884594,13.779774566110916,-0.13607554012425638,0.008373692869138694,-14.444923299339507,3.7,6161.0,23926.0,0.010442255106754672,0.007509527036045682,KMT,中國國民黨,DPP,民主進步黨,0,1,0,1,0,0,1,10,0,-0.19999999999999973
2016,896505,993115,澎湖縣,13.706259149256613,13.808601746996494,0.2864034773720192,0.02882718088557823,25.757629648644098,3.8,6283.0,25297.0,0.019608471388375293,0.05572007787884736,DPP,民主進步黨,DPP,民主進步黨,1,1,0,1,0,0,1,11,0,0.09999999999999964
2017,724107,1018941,澎湖縣,13.492694450503228,13.834274410626733,-0.21356469875338568,0.0256726636302389,-23.92373623836246,3.7,6412.0,26606.0,0.02032366132649699,0.05045094263415528,DPP,民主進步黨,DPP,民主進步黨,1,1,0,1,0,0,1,12,0,-0.09999999999999964
2018,792436,1036304,澎湖縣,13.582867024374751,13.851171095050994,0.09017257387152355,0.0168966844242604,7.327588944726315,3.6,6625.0,29051.0,0.03267913712497972,0.08791615185165114,DPP,民主進步黨,DPP,民主進步黨,1,1,0,1,0,0,1,13,0,-0.10000000000000009
2019,867725,1059731,澎湖縣,13.673630123167843,13.873525660297378,0.09076309879309186,0.022354565246384794,6.840853354670706,3.7,6897.0,29879.0,0.040236162576867684,0.028102986389070495,DPP,民主進步黨,KMT,中國國民黨,0,1,1,0,0,0,1,1,1,0.10000000000000009
2020,919475,1079648,澎湖縣,13.731558133967388,13.892145620049078,0.057928010799544793,0.01861995975169961,3.9308051047845183,3.9,7238.0,34230.0,0.04825839069239635,0.13594656003965788,DPP,民主進步黨,KMT,中國國民黨,0,1,1,0,0,0,1,2,0,0.19999999999999973
2021,676810,1090554,澎湖縣,13.425145862578708,13.902196381967281,-0.3064122713886803,0.010050761918202866,-31.64630333068832,4.1,,,,,DPP,民主進步黨,KMT,中國國民黨,0,1,1,0,0,0,1,3,0,0.19999999999999973
2022,767244,1108569,澎湖縣,13.550560152314553,13.918580552380039,0.12541428973584523,0.01638417041275808,10.903011932308715,3.8,,,,,DPP,民主進步黨,KMT,中國國民黨,0,1,1,0,0,0,1,4,0,-0.2999999999999998
2023,900915,1136708,澎湖縣,13.711166192517572,13.943646923566812,0.16060604020301916,0.025066371186772685,13.553966901624648,3.5,,,,,DPP,民主進步黨,DPP,民主進步黨,1,1,0,1,0,0,1,1,1,-0.2999999999999998
2024,792956,1165206,澎湖縣,13.5835230135795,13.968408453384745,-0.1276431789380723,0.024761529817933337,-15.240470875600565,3.3,,,,,DPP,民主進步黨,DPP,民主進步黨,1,1,0,1,0,0,1,2,0,-0.20000000000000018
1998,891503,873175,臺中市,13.700664081394645,13.67989127292283,,,,2.8,,,,,KMT,中國國民黨,DPP,民主進步黨,0,1,0,1,1,0,0,1,0,
1999,925933,889053,臺中市,13.738557156798962,13.697912130266793,0.03789307540431608,0.01802085734396286,1.987221806035322,3.1,,,,,KMT,中國國民黨,DPP,民主進步黨,0,1,0,1,1,0,0,1,0,0.30000000000000027
2000,855399,891445,臺中市,13.65932330573054,13.700599020607656,-0.0792338510684214,0.002686890340863002,-8.19207414092844,3.3,,,,,DPP,民主進步黨,DPP,民主進步黨,1,1,0,1,1,0,0,2,0,0.19999999999999973
2001,866609,868651,臺中市,13.672343173648281,13.674696712533033,0.013019867917741124,-0.025902308074623903,3.8922175992365027,4.7,,,,,DPP,民主進步黨,DPP,民主進步黨,1,1,0,1,1,0,0,3,0,1.4000000000000004
2002,843776,875919,臺中市,13.645642335508924,13.683028899889882,-0.026700838139356975,0.008332187356849374,-3.503302549620635,5.4,,,,,DPP,民主進步黨,KMT,中國國民黨,0,1,1,0,1,0,0,1,1,0.7000000000000002
2003,856510,881662,臺中市,13.66062127210139,13.689564041586747,0.014978936592465075,0.00653514169686531,0.8443794895599765,5.2,,,,,DPP,民主進步黨,KMT,中國國民黨,0,1,1,0,1,0,0,2,0,-0.20000000000000018
2004,820520,891249,臺中市,13.617693564596074,13.700379128690377,-0.04292770750531538,0.010815087103630106,-5.374279460894549,4.7,,,,,DPP,民主進步黨,KMT,中國國民黨,0,1,1,0,1,0,0,3,0,-0.5
2005,829541,894574,臺中市,13.628627814757028,13.70410290629004,0.010934250160953951,0.003723777599661915,0.7210472561292036,4.2,,,,,DPP,民主進步黨,KMT,中國國民黨,0,1,1,0,1,0,0,4,0,-0.5
2006,881886,913092,臺中市,13.689818074934527,13.72459192120366,0.061190260177498956,0.020489014913620096,4.070124526387886,4.1,,,,,DPP,民主進步黨,KMT,中國國民黨,0,1,1,0,1,0,0,5,0,-0.10000000000000053
2007,930676,923874,臺中市,13.743666482799298,13.736330977689091,0.05384840786477163,0.011739056485431831,4.21093513793398,4.0,,,,,DPP,民主進步黨,KMT,中國國民黨,0,1,1,0,1,0,0,6,0,-0.09999999999999964
2008,861977,913687,臺中市,13.666983867155285,13.72524334102077,-0.07668261564401391,-0.011087636668321466,-6.559497897569244,4.2,,,,,KMT,中國國民黨,KMT,中國國民黨,1,1,1,0,1,0,0,7,0,0.20000000000000018
2009,814673,887605,臺中市,13.610542084716048,13.696282103192804,-0.056441782439236476,-0.028961237827966002,-2.7480544611270474,5.9,,,,,KMT,中國國民黨,KMT,中國國民黨,1,1,1,0,1,0,0,8,0,1.7000000000000002
2010,823848,889353,臺中市,13.621741325856242,13.698249511048061,0.01119924114019355,0.001967407855257619,0.9231833284935931,5.4,,,,,KMT,中國國民黨,KMT,中國國民黨,1,1,1,0,1,0,0,9,0,-0.5
2011,915341,907988,臺中市,13.72705195242624,13.71898644163707,0.10531062656999879,0.02073693058900794,8.457369598099085,4.4,,,,,KMT,中國國民黨,KMT,中國國民黨,1,1,1,0,1,0,0,10,0,-1.0
2012,886682,923584,臺中市,13.695241685173329,13.73601703279575,-0.03181026725291147,0.01703059115868122,-4.884085841159269,4.2,,,,,KMT,中國國民黨,KMT,中國國民黨,1,1,1,0,1,0,0,11,0,-0.20000000000000018
2013,928938,942208,臺中市,13.74179727714045,13.755981335978323,0.046555591967120336,0.01996430318257225,2.6591288784548084,4.1,176998.0,3681651.0,,,KMT,中國國民黨,KMT,中國國民黨,1,1,1,0,1,0,0,12,0,-0.10000000000000053
2014,955599,956849,臺中市,13.770093647970288,13.771400873241777,0.028296370829838935,0.015419537263454686,1.287683356638425,3.9,180975.0,3869056.0,0.022220467104242303,0.04964925676215515,KMT,中國國民黨,KMT,中國國民黨,1,1,1,0,1,0,0,13,0,-0.19999999999999973
2015,970157,964895,臺中市,13.785213193052453,13.779774566110916,0.01511954508216462,0.008373692869138694,0.6745852213025927,3.8,186098.0,3815180.0,0.02791451650098864,-0.014022703838923789,KMT,中國國民黨,DPP,民主進步黨,0,1,0,1,1,0,0,1,1,-0.10000000000000009
2016,949050,993115,臺中市,13.76321676324314,13.808601746996494,-0.021996429809313156,0.02882718088557823,-5.082361069489139,3.8,190819.0,3756184.0,0.025051918088951908,-0.015584297367459143,DPP,民主進步黨,DPP,民主進步黨,1,1,0,1,1,0,0,2,0,0.0
2017,1033169,1018941,臺中市,13.84814133588223,13.834274410626733,0.08492457263909081,0.0256726636302389,5.925190900885191,3.7,196484.0,4011606.0,0.029255668288593384,0.06578811146183661,DPP,民主進步黨,DPP,民主進步黨,1,1,0,1,1,0,0,3,0,-0.09999999999999964
2018,1065509,1036304,臺中市,13.878963177223756,13.851171095050994,0.03082184134152577,0.0168966844242604,1.3925156917265369,3.7,202450.0,4568301.0,0.029911939420431466,0.1299497034593493,DPP,民主進步黨,DPP,民主進步黨,1,1,0,1,1,0,0,4,0,0.0
2019,1082584,1059731,臺中市,13.894861334000627,13.873525660297378,0.015898156776870564,0.022354565246384794,-0.645640846951423,3.7,206849.0,4275952.0,0.021496115996486154,-0.06613459569727453,DPP,民主進步黨,KMT,中國國民黨,0,1,1,0,1,0,0,1,1,0.0
2020,1082645,1079648,臺中市,13.894917679080075,13.892145620049078,5.63450794484055e-05,0.01861995975169961,-1.8563614672251205,3.9,213209.0,4364716.0,0.03028384680973062,0.020546356518279296,DPP,民主進步黨,KMT,中國國民黨,0,1,1,0,1,0,0,2,0,0.19999999999999973
2021,1084908,1090554,臺中市,13.897005748734871,13.902196381967281,0.002088069654796243,0.010050761918202866,-0.7962692263406623,3.9,220915.0,5044759.0,0.03550510686528341,0.1447967584214389,DPP,民主進步黨,KMT,中國國民黨,0,1,1,0,1,0,0,3,0,0.0
2022,1102924,1108569,臺中市,13.913475392869879,13.918580552380039,0.0164696441350074,0.01638417041275808,0.008547372224931848,3.7,228698.0,5327308.0,0.03462434375993517,0.054496162327916764,DPP,民主進步黨,KMT,中國國民黨,0,1,1,0,1,0,0,4,0,-0.19999999999999973
2023,1117013,1136708,臺中市,13.926168716300534,13.943646923566812,0.012693323430655212,0.025066371186772685,-1.2373047756117472,3.5,235599.0,5245755.0,0.02972885137664605,-0.015426866818321727,DPP,民主進步黨,KMT,中國國民黨,0,1,1,0,1,0,0,5,0,-0.20000000000000018
2024,1171877,1165206,臺中市,13.974117294806122,13.968408453384745,0.0479485785055882,0.024761529817933337,2.3187048687654865,3.4,242919.0,5690263.0,0.03059684715305977,0.08133729040642201,DPP,民主進步黨,KMT,中國國民黨,0,1,1,0,1,0,0,6,0,-0.10000000000000009
1998,1196141,873175,臺北市,13.994611099520473,13.67989127292283,,,,2.6,,,,,KMT,中國國民黨,KMT,中國國民黨,1,1,1,0,1,1,0,1,0,
1999,1208578,889053,臺北市,14.004955019864557,13.697912130266793,0.010343920344084268,0.01802085734396286,-0.7676936999878592,2.9,,,,,KMT,中國國民黨,KMT,中國國民黨,1,1,1,0,1,1,0,1,0,0.2999999999999998
2000,1237777,891445,臺北市,14.028827586760748,13.700599020607656,0.023872566896191216,0.002686890340863002,2.1185676555328214,2.7,,,,,DPP,民主進步黨,KMT,中國國民黨,0,1,1,0,1,1,0,2,0,-0.19999999999999973
2001,1217932,868651,臺北市,14.012664896465227,13.674696712533033,-0.016162690295521642,-0.025902308074623903,0.9739617779102261,3.9,,,,,DPP,民主進步黨,KMT,中國國民黨,0,1,1,0,1,1,0,3,0,1.1999999999999997
2002,1232387,875919,臺北市,14.024463497125808,13.683028899889882,0.01179860066058147,0.008332187356849374,0.34664133037320966,4.6,,,,,DPP,民主進步黨,KMT,中國國民黨,0,1,1,0,1,1,0,4,0,0.6999999999999997
2003,1232396,881662,臺北市,14.024470799999934,13.689564041586747,7.302874125869607e-06,0.00653514169686531,-0.652783882273944,4.6,,,,,DPP,民主進步黨,KMT,中國國民黨,0,1,1,0,1,1,0,5,0,0.0
2004,1225096,891249,臺北市,14.018529766237343,13.700379128690377,-0.005941033762590919,0.010815087103630106,-1.6756120866221025,4.2,,,,,DPP,民主進步黨,KMT,中國國民黨,0,1,1,0,1,1,0,6,0,-0.39999999999999947
2005,1236014,894574,臺北市,14.027402243796466,13.70410290629004,0.008872477559123126,0.003723777599661915,0.5148699959461212,3.9,,,,,DPP,民主進步黨,KMT,中國國民黨,0,1,1,0,1,1,0,7,0,-0.30000000000000027
2006,1262406,913092,臺北市,14.048529981914163,13.72459192120366,0.021127738117696637,0.020489014913620096,0.06387232040765412,3.7,,,,,DPP,民主進步黨,KMT,中國國民黨,0,1,1,0,1,1,0,8,0,-0.19999999999999973
2007,1287803,923874,臺北市,14.068448223637786,13.736330977689091,0.019918241723622998,0.011739056485431831,0.8179185238191167,3.7,,,,,DPP,民主進步黨,KMT,中國國民黨,0,1,1,0,1,1,0,9,0,0.0
2008,1271060,913687,臺北市,14.055361755981062,13.72524334102077,-0.0130864676567235,-0.011087636668321466,-0.1998830988402034,4.0,,,,,KMT,中國國民黨,KMT,中國國民黨,1,1,1,0,1,1,0,10,0,0.2999999999999998
2009,1246310,887605,臺北市,14.035697743532578,13.696282103192804,-0.019664012448483703,-0.028961237827966002,0.9297225379482299,5.8,,,,,KMT,中國國民黨,KMT,中國國民黨,1,1,1,0,1,1,0,11,0,1.7999999999999998
2010,1298640,889353,臺北市,14.076828120984727,13.698249511048061,0.04113037745214854,0.001967407855257619,3.9162969596890918,5.2,,,,,KMT,中國國民黨,KMT,中國國民黨,1,1,1,0,1,1,0,12,0,-0.5999999999999996
2011,1251519,907988,臺北市,14.039868571520586,13.71898644163707,-0.03695954946414126,0.02073693058900794,-5.76964800531492,4.4,,,,,KMT,中國國民黨,KMT,中國國民黨,1,1,1,0,1,1,0,13,0,-0.7999999999999998
2012,1278278,923584,臺北市,14.061024417650508,13.73601703279575,0.02115584612992194,0.01703059115868122,0.41252549712407216,4.3,,,,,KMT,中國國民黨,KMT,中國國民黨,1,1,1,0,1,1,0,14,0,-0.10000000000000053
2013,1279195,942208,臺北市,14.06174153180131,13.755981335978323,0.0007171141508024448,0.01996430318257225,-1.9247189031769807,4.2,222649.0,12116203.0,,,KMT,中國國民黨,KMT,中國國民黨,1,1,1,0,1,1,0,15,0,-0.09999999999999964
2014,1292604,956849,臺北市,14.072169346344284,13.771400873241777,0.01042781454297348,0.015419537263454686,-0.49917227204812065,4.0,226558.0,12717853.0,0.017404442379291396,0.048463106628126695,KMT,中國國民黨,KMT,中國國民黨,1,1,1,0,1,1,0,16,0,-0.20000000000000018
2015,1314031,964895,臺北市,14.08861006983364,13.779774566110916,0.016440723489356657,0.008373692869138694,0.8067030620217963,3.8,230822.0,12556527.0,0.018645867932365334,-0.012766144292779558,KMT,中國國民黨,IND,無黨籍,0,0,0,0,1,1,0,1,1,-0.20000000000000018
2016,1320834,993115,臺北市,14.093773913231297,13.808601746996494,0.005163843397657075,0.02882718088557823,-2.3663337487921154,3.9,233720.0,12048959.0,0.01247696697109646,-0.04126234390116679,DPP,民主進步黨,IND,無黨籍,0,0,0,0,1,1,0,2,0,0.10000000000000009
2017,1344538,1018941,臺北市,14.111561017586562,13.834274410626733,0.017787104355264205,0.0256726636302389,-0.7885559274974696,3.8,237730.0,12764985.0,0.01701175822394596,0.057727609441290184,DPP,民主進步黨,IND,無黨籍,0,0,0,0,1,1,0,3,0,-0.10000000000000009
2018,1379305,1036304,臺北市,14.137090307084229,13.851171095050994,0.025529289497667307,0.0168966844242604,0.8632605073406907,3.7,242143.0,12821191.0,0.018392884819382616,0.004393473288867966,DPP,民主進步黨,IND,無黨籍,0,0,0,0,1,1,0,4,0,-0.09999999999999964
2019,1422400,1059731,臺北市,14.167856143741778,13.873525660297378,0.030765836657549173,0.022354565246384794,0.8411271411164378,3.7,244549.0,13458799.0,0.009887237104116764,0.048533744001822754,DPP,民主進步黨,IND,無黨籍,0,0,0,0,1,1,0,5,0,0.0
2020,1422856,1079648,臺北市,14.168176677292294,13.892145620049078,0.0003205335505160889,0.01861995975169961,-1.8299426201183522,3.9,246651.0,13734294.0,0.008558684165842934,0.020262823801875385,DPP,民主進步黨,IND,無黨籍,0,0,0,0,1,1,0,6,0,0.19999999999999973
2021,1430572,1090554,臺北市,14.173584922257417,13.902196381967281,0.0054082449651229325,0.010050761918202866,-0.4642516953079934,4.0,249138.0,15448996.0,0.010032577811205812,0.1176481007162522,DPP,民主進步黨,IND,無黨籍,0,0,0,0,1,1,0,7,0,0.10000000000000009
2022,1444264,1108569,臺北市,14.183110407209131,13.918580552380039,0.009525484951714347,0.01638417041275808,-0.6858685461043734,3.7,250071.0,16989311.0,0.0037379177311507306,0.09504036418146455,DPP,民主進步黨,IND,無黨籍,0,0,0,0,1,1,0,8,0,-0.2999999999999998
2023,1448219,1136708,臺北市,14.185845083585638,13.943646923566812,0.002734676376507039,0.025066371186772685,-2.2331694810265645,3.5,252707.0,17062269.0,0.010485837299631484,0.004285152797084635,DPP,民主進步黨,KMT,中國國民黨,0,1,1,0,1,1,0,1,1,-0.20000000000000018
2024,1485461,1165206,臺北市,14.211235719753558,13.968408453384745,0.025390636167919922,0.024761529817933337,0.06291063499865857,3.5,255632.0,18377379.0,0.011508195443703073,0.07425097171422479,DPP,民主進步黨,KMT,中國國民黨,0,1,1,0,1,1,0,2,0,0.0
1998,744397,873175,臺南市,13.520329773650763,13.67989127292283,,,,3.9,,,,,KMT,中國國民黨,DPP,民主進步黨,0,1,0,1,1,0,0,1,0,
1999,736363,889053,臺南市,13.509478482646392,13.697912130266793,-0.010851291004371433,0.01802085734396286,-2.8872148348334292,4.3,,,,,KMT,中國國民黨,DPP,民主進步黨,0,1,0,1,1,0,0,1,0,0.3999999999999999
2000,763523,891445,臺南市,13.545698527614073,13.700599020607656,0.036220044967681275,0.002686890340863002,3.3533154626818273,4.1,,,,,DPP,民主進步黨,DPP,民主進步黨,1,1,0,1,1,0,0,2,0,-0.20000000000000018
2001,717591,868651,臺南市,13.483655047842054,13.674696712533033,-0.06204347977201863,-0.025902308074623903,-3.6141171697394725,5.0,,,,,DPP,民主進步黨,DPP,民主進步黨,1,1,0,1,1,0,0,3,0,0.9000000000000004
2002,746442,875919,臺南市,13.523073197028632,13.683028899889882,0.03941814918657727,0.008332187356849374,3.1085961829727893,5.0,,,,,DPP,民主進步黨,DPP,民主進步黨,1,1,0,1,1,0,0,4,0,0.0
2003,786875,881662,臺南市,13.575824683780748,13.689564041586747,0.052751486752116605,0.00653514169686531,4.6216345055251296,4.9,,,,,DPP,民主進步黨,DPP,民主進步黨,1,1,0,1,1,0,0,5,0,-0.09999999999999964
2004,787897,891249,臺南市,13.577122649636735,13.700379128690377,0.001297965855986405,0.010815087103630106,-0.9517121247643701,4.4,,,,,DPP,民主進步黨,DPP,民主進步黨,1,1,0,1,1,0,0,6,0,-0.5
2005,737099,894574,臺南市,13.510477490508437,13.70410290629004,-0.0666451591282975,0.003723777599661915,-7.036893672795941,4.1,,,,,DPP,民主進步黨,DPP,民主進步黨,1,1,0,1,1,0,0,7,0,-0.3000000000000007
2006,791254,913092,臺南市,13.581374307720004,13.72459192120366,0.07089681721156715,0.020489014913620096,5.040780229794706,3.8,,,,,DPP,民主進步黨,DPP,民主進步黨,1,1,0,1,1,0,0,8,0,-0.2999999999999998
2007,815882,923874,臺南市,13.612025015646385,13.736330977689091,0.03065070792638025,0.011739056485431831,1.8911651440948418,3.7,,,,,DPP,民主進步黨,DPP,民主進步黨,1,1,0,1,1,0,0,9,0,-0.09999999999999964
2008,810038,913687,臺南市,13.60483643912846,13.72524334102077,-0.007188576517924261,-0.011087636668321466,0.38990601503972044,4.0,,,,,KMT,中國國民黨,DPP,民主進步黨,0,1,0,1,1,0,0,10,0,0.2999999999999998
2009,770804,887605,臺南市,13.55518940492248,13.696282103192804,-0.04964703420598049,-0.028961237827966002,-2.0685796378014487,5.7,,,,,KMT,中國國民黨,DPP,民主進步黨,0,1,0,1,1,0,0,11,0,1.7000000000000002
2010,740706,889353,臺南市,13.515359064414097,13.698249511048061,-0.03983034050838263,0.001967407855257619,-4.179774836364025,5.1,,,,,KMT,中國國民黨,DPP,民主進步黨,0,1,0,1,1,0,0,12,0,-0.6000000000000005
2011,783223,907988,臺南市,13.57117273646796,13.71898644163707,0.05581367205386201,0.02073693058900794,3.5076741464854067,4.3,,,,,KMT,中國國民黨,DPP,民主進步黨,0,1,0,1,1,0,0,13,0,-0.7999999999999998
2012,770078,923584,臺南市,13.554247087400798,13.73601703279575,-0.01692564906716143,0.01703059115868122,-3.395624022584265,4.2,,,,,KMT,中國國民黨,DPP,民主進步黨,0,1,0,1,1,0,0,14,0,-0.09999999999999964
2013,830467,942208,臺南市,13.62974347214669,13.755981335978323,0.07549638474589138,0.01996430318257225,5.5532081563319124,4.2,105693.0,2265824.0,,,KMT,中國國民黨,DPP,民主進步黨,0,1,0,1,1,0,0,15,0,0.0
2014,829957,956849,臺南市,13.629129171201825,13.771400873241777,-0.0006143009448642545,0.015419537263454686,-1.603383820831894,4.1,107332.0,2360826.0,0.015388168921244727,0.04107306811536837,KMT,中國國民黨,DPP,民主進步黨,0,1,0,1,1,0,0,16,0,-0.10000000000000053
2015,837530,964895,臺南市,13.638212362935327,13.779774566110916,0.00908319173350236,0.008373692869138694,0.07094988643636668,3.8,109910.0,2266579.0,0.023735014641918184,-0.040739911506397775,KMT,中國國民黨,DPP,民主進步黨,0,1,0,1,1,0,0,17,0,-0.2999999999999998
2016,884524,993115,臺南市,13.692804926187854,13.808601746996494,0.054592563252526816,0.02882718088557823,2.5765382366948586,3.9,111728.0,2198233.0,0.016405497022869753,-0.030617790472652118,DPP,民主進步黨,DPP,民主進步黨,1,1,0,1,1,0,0,18,0,0.10000000000000009
2017,902536,1018941,臺南市,13.712963857590296,13.834274410626733,0.020158931402441738,0.0256726636302389,-0.5513732227797163,3.8,113927.0,2298820.0,0.019490546301433653,0.04474209198225054,DPP,民主進步黨,DPP,民主進步黨,1,1,0,1,1,0,0,19,0,-0.10000000000000009
2018,898912,1036304,臺南市,13.708940422121957,13.851171095050994,-0.004023435468338832,0.0168966844242604,-2.092011989259923,3.8,116541.0,2385236.0,0.022685250017810077,0.0369021234218625,DPP,民主進步黨,DPP,民主進步黨,1,1,0,1,1,0,0,20,0,0.0
2019,904114,1059731,臺南市,13.714710737618287,13.873525660297378,0.005770315496329559,0.022354565246384794,-1.6584249750055235,3.7,118557.0,2347965.0,0.01715071516098554,-0.015749075675357105,DPP,民主進步黨,DPP,民主進步黨,1,1,0,1,1,0,0,21,0,-0.09999999999999964
2020,904141,1079648,臺南市,13.714740600663047,13.892145620049078,2.9863044760602975e-05,0.01861995975169961,-1.8590096706939008,3.8,122040.0,2362531.0,0.028955002264559937,0.006184506441281101,DPP,民主進步黨,DPP,民主進步黨,1,1,0,1,1,0,0,22,0,0.09999999999999964
2021,924875,1090554,臺南市,13.737413872227853,13.902196381967281,0.022673271564805475,0.010050761918202866,1.2622509646602609,3.9,126411.0,2757352.0,0.03518964339426134,0.15453729690817397,DPP,民主進步黨,DPP,民主進步黨,1,1,0,1,1,0,0,23,0,0.10000000000000009
2022,941880,1108569,臺南市,13.75563315690886,13.918580552380039,0.018219284681007863,0.01638417041275808,0.18351142682497823,3.6,130249.0,2878847.0,0.029909499818087326,0.043119067864319405,DPP,民主進步黨,DPP,民主進步黨,1,1,0,1,1,0,0,24,0,-0.2999999999999998
2023,971186,1136708,臺南市,13.786273284026963,13.943646923566812,0.03064012711810271,0.025066371186772685,0.5573755931330027,3.5,133797.0,2803411.0,0.026875722857280238,-0.026552976719358412,DPP,民主進步黨,DPP,民主進步黨,1,1,0,1,1,0,0,25,0,-0.10000000000000009
2024,1009768,1165206,臺南市,13.825231159461378,13.968408453384745,0.038957875434414646,0.024761529817933337,1.419634561648131,3.4,137305.0,3009866.0,0.025881002798731956,0.07105866945146211,DPP,民主進步黨,DPP,民主進步黨,1,1,0,1,1,0,0,26,0,-0.10000000000000009
1998,562213,873175,臺東縣,13.23963606063084,13.67989127292283,,,,3.3,,,,,KMT,中國國民黨,KMT,中國國民黨,1,1,1,0,0,0,0,1,0,
1999,574406,889053,臺東縣,13.261091742344046,13.697912130266793,0.02145568171320633,0.01802085734396286,0.3434824369243472,2.8,,,,,KMT,中國國民黨,KMT,中國國民黨,1,1,1,0,0,0,0,1,0,-0.5
2000,641298,891445,臺東縣,13.37124952646688,13.700599020607656,0.11015778412283339,0.002686890340863002,10.747089378197039,3.1,,,,,DPP,民主進步黨,KMT,中國國民黨,0,1,1,0,0,0,0,2,0,0.30000000000000027
2001,627005,868651,臺東縣,13.34870979406492,13.674696712533033,-0.02253973240195961,-0.025902308074623903,0.3362575672664292,4.3,,,,,DPP,民主進步黨,KMT,中國國民黨,0,1,1,0,0,0,0,3,0,1.1999999999999997
2002,651312,875919,臺東縣,13.386744069053844,13.683028899889882,0.038034274988923755,0.008332187356849374,2.970208763207438,4.9,,,,,DPP,民主進步黨,KMT,中國國民黨,0,1,1,0,0,0,0,4,0,0.6000000000000005
2003,619787,881662,臺東縣,13.337131149607911,13.689564041586747,-0.04961291944593249,0.00653514169686531,-5.61480611427978,4.9,,,,,DPP,民主進步黨,KMT,中國國民黨,0,1,1,0,0,0,0,5,0,0.0
2004,631719,891249,臺東縣,13.356199954002937,13.700379128690377,0.019068804395026007,0.010815087103630106,0.8253717291395901,4.5,,,,,DPP,民主進步黨,KMT,中國國民黨,0,1,1,0,0,0,0,6,0,-0.40000000000000036
2005,597433,894574,臺東縣,13.300397422609114,13.70410290629004,-0.055802531393823074,0.003723777599661915,-5.952630899348499,4.2,,,,,DPP,民主進步黨,KMT,中國國民黨,0,1,1,0,0,0,0,7,0,-0.2999999999999998
2006,624932,913092,臺東縣,13.34539812279939,13.72459192120366,0.04500070019027547,0.020489014913620096,2.451168527665537,3.9,,,,,DPP,民主進步黨,KMT,中國國民黨,0,1,1,0,0,0,0,8,0,-0.30000000000000027
2007,720459,923874,臺東縣,13.487643787875433,13.736330977689091,0.14224566507604308,0.011739056485431831,13.050660859061125,3.8,,,,,DPP,民主進步黨,KMT,中國國民黨,0,1,1,0,0,0,0,9,0,-0.10000000000000009
2008,586479,913687,臺東縣,13.281892140808033,13.72524334102077,-0.2057516470673999,-0.011087636668321466,-19.466401039907844,4.0,,,,,KMT,中國國民黨,KMT,中國國民黨,1,1,1,0,0,0,0,10,0,0.20000000000000018
2009,667547,887605,臺東縣,13.411365078762753,13.696282103192804,0.12947293795471992,-0.028961237827966002,15.843417578268593,5.8,,,,,KMT,中國國民黨,KMT,中國國民黨,1,1,1,0,0,0,0,11,0,1.7999999999999998
2010,568409,889353,臺東縣,13.250596508999502,13.698249511048061,-0.16076856976325082,0.001967407855257619,-16.273597761850844,5.4,,,,,KMT,中國國民黨,KMT,中國國民黨,1,1,1,0,0,0,0,12,0,-0.39999999999999947
2011,607872,907988,臺東縣,13.31771961246874,13.71898644163707,0.06712310346923722,0.02073693058900794,4.638617288022928,4.6,,,,,KMT,中國國民黨,KMT,中國國民黨,1,1,1,0,0,0,0,13,0,-0.8000000000000007
2012,670017,923584,臺東縣,13.415058364179584,13.73601703279575,0.09733875171084527,0.01703059115868122,8.030816055216405,4.3,,,,,KMT,中國國民黨,KMT,中國國民黨,1,1,1,0,0,0,0,14,0,-0.2999999999999998
2013,676390,942208,臺東縣,13.424525111745886,13.755981335978323,0.009466747566301947,0.01996430318257225,-1.0497555616270304,4.1,12470.0,59403.0,,,KMT,中國國民黨,KMT,中國國民黨,1,1,1,0,0,0,0,15,0,-0.20000000000000018
2014,697540,956849,臺東縣,13.455315138703593,13.771400873241777,0.03079002695770683,0.015419537263454686,1.5370489694252143,3.9,12664.0,69991.0,0.015437562886766898,0.16402193221100525,KMT,中國國民黨,KMT,中國國民黨,1,1,1,0,0,0,0,16,0,-0.19999999999999973
2015,636162,964895,臺東縣,13.36320852686853,13.779774566110916,-0.09210661183506375,0.008373692869138694,-10.048030470420244,3.7,13103.0,72607.0,0.03407788904373632,0.03669467356077227,KMT,中國國民黨,KMT,中國國民黨,1,1,1,0,0,0,0,17,0,-0.19999999999999973
2016,674647,993115,臺東縣,13.42194487009888,13.808601746996494,0.058736343230350485,0.02882718088557823,2.9909162344772255,3.9,13415.0,68669.0,0.02353227225514054,-0.05576347578887564,DPP,民主進步黨,KMT,中國國民黨,0,1,1,0,0,0,0,18,0,0.19999999999999973
2017,752275,1018941,臺東縣,13.530857227572502,13.834274410626733,0.10891235747362238,0.0256726636302389,8.323969384338348,3.5,13633.0,63638.0,0.01611984032640379,-0.0760870839265273,DPP,民主進步黨,KMT,中國國民黨,0,1,1,0,0,0,0,19,0,-0.3999999999999999
2018,751292,1036304,臺東縣,13.52954967009079,13.851171095050994,-0.001307557481712962,0.0168966844242604,-1.8204241905973362,3.5,13888.0,69218.0,0.018531833714002133,0.08405016820622002,DPP,民主進步黨,KMT,中國國民黨,0,1,1,0,0,0,0,20,0,0.0
2019,746775,1059731,臺東縣,13.523519213924395,13.873525660297378,-0.006030456166394416,0.022354565246384794,-2.838502141277921,3.6,14186.0,69267.0,0.02123040486190142,0.0007076578986140447,DPP,民主進步黨,KMT,中國國民黨,0,1,1,0,0,0,0,21,0,0.10000000000000009
2020,764655,1079648,臺東縣,13.547180030694275,13.892145620049078,0.023660816769879744,0.01861995975169961,0.5040857018180134,3.7,14717.0,76548.0,0.03674772540207982,0.0999493927428432,DPP,民主進步黨,KMT,中國國民黨,0,1,1,0,0,0,0,22,0,0.10000000000000009
2021,782652,1090554,臺東縣,13.57044343173379,13.902196381967281,0.02326340103951452,0.010050761918202866,1.3212639121311653,3.8,14981.0,75530.0,0.01777944335326964,-0.013388066722463066,DPP,民主進步黨,KMT,中國國民黨,0,1,1,0,0,0,0,23,0,0.09999999999999964
2022,779852,1108569,臺東縣,13.566859437072438,13.918580552380039,-0.0035839946613513973,0.01638417041275808,-1.9968165074109478,3.6,15352.0,84015.0,0.02446302717015314,0.106465426004549,DPP,民主進步黨,KMT,中國國民黨,0,1,1,0,0,0,0,24,0,-0.19999999999999973
2023,789468,1136708,臺東縣,13.579114579874124,13.943646923566812,0.012255142801686603,0.025066371186772685,-1.2811228385086082,3.4,15691.0,86877.0,0.021841540871532672,0.03349797087279249,DPP,民主進步黨,KMT,中國國民黨,0,1,1,0,0,0,0,25,0,-0.20000000000000018
2024,782735,1165206,臺東縣,13.570549475798392,13.968408453384745,-0.008565104075731966,0.024761529817933337,-3.3326633893665303,3.3,16082.0,91517.0,0.024613334549027144,0.052031422171243236,DPP,民主進步黨,KMT,中國國民黨,0,1,1,0,0,0,0,26,0,-0.10000000000000009
1998,718903,873175,花蓮縣,13.485481718005403,13.67989127292283,,,,2.8,,,,,KMT,中國國民黨,KMT,中國國民黨,1,1,1,0,0,0,0,1,0,
1999,711084,889053,花蓮縣,13.474545845266904,13.697912130266793,-0.010935872738498276,0.01802085734396286,-2.8956730082461135,3.7,,,,,KMT,中國國民黨,KMT,中國國民黨,1,1,1,0,0,0,0,1,0,0.9000000000000004
2000,741877,891445,花蓮縣,13.516938740214382,13.700599020607656,0.042392894947477444,0.002686890340863002,3.9706004606614442,3.9,,,,,DPP,民主進步黨,KMT,中國國民黨,0,1,1,0,0,0,0,2,0,0.19999999999999973
2001,744651,868651,花蓮縣,13.52067093122589,13.674696712533033,0.0037321910115082346,-0.025902308074623903,2.963449908613214,5.1,,,,,DPP,民主進步黨,KMT,中國國民黨,0,1,1,0,0,0,0,3,0,1.1999999999999997
2002,689347,875919,花蓮縣,13.443500051664579,13.683028899889882,-0.07717087956131152,0.008332187356849374,-8.55030669181609,5.5,,,,,DPP,民主進步黨,KMT,中國國民黨,0,1,1,0,0,0,0,4,0,0.40000000000000036
2003,730767,881662,花蓮縣,13.501849946472994,13.689564041586747,0.05834989480841557,0.00653514169686531,5.181475311155026,5.3,,,,,DPP,民主進步黨,KMT,中國國民黨,0,1,1,0,0,0,0,5,0,-0.20000000000000018
2004,714810,891249,花蓮縣,13.479772052096804,13.700379128690377,-0.022077894376190343,0.010815087103630106,-3.289298147982045,4.8,,,,,DPP,民主進步黨,KMT,中國國民黨,0,1,1,0,0,0,0,6,0,-0.5
2005,662744,894574,花蓮縣,13.404144070922815,13.70410290629004,-0.07562798117398906,0.003723777599661915,-7.935175877365097,4.4,,,,,DPP,民主進步黨,KMT,中國國民黨,0,1,1,0,0,0,0,7,0,-0.39999999999999947
2006,726258,913092,花蓮縣,13.495660602578122,13.72459192120366,0.09151653165530682,0.020489014913620096,7.1027516741686725,4.2,,,,,DPP,民主進步黨,KMT,中國國民黨,0,1,1,0,0,0,0,8,0,-0.20000000000000018
2007,724680,923874,花蓮縣,13.493485457089948,13.736330977689091,-0.0021751454881737686,0.011739056485431831,-1.39142019736056,4.1,,,,,DPP,民主進步黨,KMT,中國國民黨,0,1,1,0,0,0,0,9,0,-0.10000000000000053
2008,695030,913687,花蓮縣,13.451710289082953,13.72524334102077,-0.041775168006994434,-0.011087636668321466,-3.068753133867297,4.2,,,,,KMT,中國國民黨,KMT,中國國民黨,1,1,1,0,0,0,0,10,0,0.10000000000000053
2009,655696,887605,花蓮縣,13.393452545882333,13.696282103192804,-0.05825774320062038,-0.028961237827966002,-2.929650537265438,5.9,,,,,KMT,中國國民黨,KMT,中國國民黨,1,1,1,0,0,0,0,11,0,1.7000000000000002
2010,741246,889353,花蓮縣,13.516087832989461,13.698249511048061,0.12263528710712812,0.001967407855257619,12.06678792518705,5.4,,,,,KMT,中國國民黨,IND,無黨籍,0,0,0,0,0,0,0,1,1,-0.5
2011,757041,907988,花蓮縣,13.537172692115407,13.71898644163707,0.0210848591259456,0.02073693058900794,0.034792853693765835,4.4,,,,,KMT,中國國民黨,IND,無黨籍,0,0,0,0,0,0,0,2,0,-1.0
2012,761611,923584,花蓮縣,13.5431912056323,13.73601703279575,0.006018513516893975,0.01703059115868122,-1.1012077641787243,4.3,,,,,KMT,中國國民黨,IND,無黨籍,0,0,0,0,0,0,0,3,0,-0.10000000000000053
2013,790373,942208,花蓮縣,13.580260264913303,13.755981335978323,0.037069059281002126,0.01996430318257225,1.7104756098429874,4.1,19787.0,142824.0,,,KMT,中國國民黨,IND,無黨籍,0,0,0,0,0,0,0,4,0,-0.20000000000000018
2014,715443,956849,花蓮縣,13.480657210235021,13.771400873241777,-0.09960305467828157,0.015419537263454686,-11.502259194173625,3.8,19898.0,148608.0,0.0055940677568653285,0.03969886362471087,KMT,中國國民黨,IND,無黨籍,0,0,0,0,0,0,0,5,0,-0.2999999999999998
2015,768611,964895,花蓮縣,13.552340268746091,13.779774566110916,0.07168305851106993,0.008373692869138694,6.330936564193124,3.7,20464.0,147556.0,0.028048020669318774,-0.007104201891555917,KMT,中國國民黨,IND,無黨籍,0,0,0,0,0,0,0,6,0,-0.09999999999999964
2016,782381,993115,花蓮縣,13.570097113154299,13.808601746996494,0.017756844408207684,0.02882718088557823,-1.1070336477370546,3.9,21038.0,139044.0,0.027663081480595153,-0.059417334940890854,DPP,民主進步黨,IND,無黨籍,0,0,0,0,0,0,0,7,0,0.19999999999999973
2017,752426,1018941,花蓮縣,13.531057931899152,13.834274410626733,-0.039039181255146715,0.0256726636302389,-6.471184488538562,3.7,21339.0,150509.0,0.014206058102404384,0.07923245326246864,DPP,民主進步黨,IND,無黨籍,0,0,0,0,0,0,0,8,0,-0.19999999999999973
2018,789072,1036304,花蓮縣,13.578612850417402,13.851171095050994,0.04755491851824978,0.0168966844242604,3.065823409398938,3.5,21566.0,160058.0,0.010581616040393982,0.061513366481182885,DPP,民主進步黨,IND,無黨籍,0,0,0,0,0,0,0,9,0,-0.20000000000000018
2019,809661,1059731,花蓮縣,13.604370920526785,13.873525660297378,0.025758070109382913,0.022354565246384794,0.3403504862998119,3.6,21837.0,160136.0,0.01248777834434911,0.0004872046418284981,DPP,民主進步黨,KMT,中國國民黨,0,1,1,0,0,0,0,1,1,0.10000000000000009
2020,873311,1079648,花蓮縣,13.680047014223103,13.892145620049078,0.07567609369631789,0.01861995975169961,5.705613394461828,3.7,22536.0,149422.0,0.03150825176984107,-0.06924893664131915,DPP,民主進步黨,KMT,中國國民黨,0,1,1,0,0,0,0,2,0,0.10000000000000009
2021,870890,1090554,花蓮縣,13.677270956240353,13.902196381967281,-0.0027760579827500464,0.010050761918202866,-1.2826819900952913,3.8,23028.0,169494.0,0.02159683623949249,0.1260430104167991,DPP,民主進步黨,KMT,中國國民黨,0,1,1,0,0,0,0,3,0,0.09999999999999964
2022,859654,1108569,花蓮縣,13.664285261693644,13.918580552380039,-0.012985694546708615,0.01638417041275808,-2.9369864959466696,3.5,23328.0,167644.0,0.012943489012684495,-0.010974844537892992,DPP,民主進步黨,KMT,中國國民黨,0,1,1,0,0,0,0,4,0,-0.2999999999999998
2023,868593,1136708,花蓮縣,13.674629940104955,13.943646923566812,0.010344678411311037,0.025066371186772685,-1.4721692775461648,3.3,23769.0,195865.0,0.018727854824966528,0.15558296297949248,DPP,民主進步黨,KMT,中國國民黨,0,1,1,0,0,0,0,5,0,-0.20000000000000018
2024,903665,1165206,花蓮縣,13.71421399547311,13.968408453384745,0.039584055368154125,0.024761529817933337,1.4822525550220789,3.3,24328.0,178511.0,0.023245739723849468,-0.0927754224346522,DPP,民主進步黨,KMT,中國國民黨,0,1,1,0,0,0,0,6,0,0.0
1998,761381,873175,苗栗縣,13.54288916858713,13.67989127292283,,,,2.1,,,,,KMT,中國國民黨,KMT,中國國民黨,1,1,1,0,0,0,0,1,0,
1999,779814,889053,苗栗縣,13.56681070869084,13.697912130266793,0.02392154010370895,0.01802085734396286,0.590068275974609,2.2,,,,,KMT,中國國民黨,KMT,中國國民黨,1,1,1,0,0,0,0,1,0,0.10000000000000009
2000,788159,891445,苗栗縣,13.577455125135591,13.700599020607656,0.01064441644475167,0.002686890340863002,0.7957526103888668,2.7,,,,,DPP,民主進步黨,KMT,中國國民黨,0,1,1,0,0,0,0,2,0,0.5
2001,777341,868651,苗栗縣,13.563634400514504,13.674696712533033,-0.013820724621087521,-0.025902308074623903,1.2081583453536382,4.5,,,,,DPP,民主進步黨,KMT,中國國民黨,0,1,1,0,0,0,0,3,0,1.7999999999999998
2002,762664,875919,苗栗縣,13.544572846304106,13.683028899889882,-0.019061554210397347,0.008332187356849374,-2.739374156724672,4.9,,,,,DPP,民主進步黨,KMT,中國國民黨,0,1,1,0,0,0,0,4,0,0.40000000000000036
2003,778215,881662,苗栗縣,13.564758114597403,13.689564041586747,0.020185268293296588,0.00653514169686531,1.3650126596431278,4.8,,,,,DPP,民主進步黨,KMT,中國國民黨,0,1,1,0,0,0,0,5,0,-0.10000000000000053
2004,732410,891249,苗栗縣,13.504095745430407,13.700379128690377,-0.0606623691669963,0.010815087103630106,-7.1477456270626405,4.5,,,,,DPP,民主進步黨,KMT,中國國民黨,0,1,1,0,0,0,0,6,0,-0.2999999999999998
2005,768863,894574,苗栗縣,13.552668079170537,13.70410290629004,0.0485723337401307,0.003723777599661915,4.484855614046879,4.1,,,,,DPP,民主進步黨,KMT,中國國民黨,0,1,1,0,0,0,0,7,0,-0.40000000000000036
2006,849510,913092,苗栗縣,13.65241499165521,13.72459192120366,0.09974691248467238,0.020489014913620096,7.925789757105228,3.8,,,,,DPP,民主進步黨,KMT,中國國民黨,0,1,1,0,0,0,0,8,0,-0.2999999999999998
2007,826541,923874,苗栗縣,13.6250048017884,13.736330977689091,-0.027410189866809986,0.011739056485431831,-3.9149246352241818,3.9,,,,,DPP,民主進步黨,KMT,中國國民黨,0,1,1,0,0,0,0,9,0,0.10000000000000009
2008,754346,913687,苗栗縣,13.533606427675783,13.72524334102077,-0.09139837411261631,-0.011087636668321466,-8.031073744429484,4.2,,,,,KMT,中國國民黨,KMT,中國國民黨,1,1,1,0,0,0,0,10,0,0.30000000000000027
2009,756823,887605,苗栗縣,13.536884687378512,13.696282103192804,0.0032782597027285476,-0.028961237827966002,3.223949753069455,5.8,,,,,KMT,中國國民黨,KMT,中國國民黨,1,1,1,0,0,0,0,11,0,1.5999999999999996
2010,788968,889353,苗栗縣,13.578481041337593,13.698249511048061,0.0415963539590809,0.001967407855257619,3.962894610382328,5.3,,,,,KMT,中國國民黨,KMT,中國國民黨,1,1,1,0,0,0,0,12,0,-0.5
2011,833967,907988,苗栗縣,13.633949112212713,13.71898644163707,0.05546807087512029,0.02073693058900794,3.473114028611235,4.4,,,,,KMT,中國國民黨,KMT,中國國民黨,1,1,1,0,0,0,0,13,0,-0.8999999999999995
2012,826530,923584,苗栗縣,13.624991493225126,13.73601703279575,-0.008957618987587068,0.01703059115868122,-2.5988210146268287,4.3,,,,,KMT,中國國民黨,KMT,中國國民黨,1,1,1,0,0,0,0,14,0,-0.10000000000000053
2013,839394,942208,苗栗縣,13.64043548189325,13.755981335978323,0.015443988668124575,0.01996430318257225,-0.45203145144476764,4.2,26051.0,712416.0,,,KMT,中國國民黨,KMT,中國國民黨,1,1,1,0,0,0,0,15,0,-0.09999999999999964
2014,913472,956849,苗栗縣,13.72500800298944,13.771400873241777,0.08457252109618985,0.015419537263454686,6.915298383273516,4.1,26299.0,755439.0,0.009474760468627608,0.05863702676623994,KMT,中國國民黨,KMT,中國國民黨,1,1,1,0,0,0,0,16,0,-0.10000000000000053
2015,827540,964895,苗栗縣,13.626212723433675,13.779774566110916,-0.09879527955576606,0.008373692869138694,-10.716897242490475,3.8,27106.0,736973.0,0.030224189946679303,-0.024747780710599798,KMT,中國國民黨,KMT,中國國民黨,1,1,1,0,0,0,0,17,0,-0.2999999999999998
2016,962522,993115,苗栗縣,13.777312202025714,13.808601746996494,0.1510994785920392,0.02882718088557823,12.227229770646098,3.9,27288.0,725738.0,0.006691939522520229,-0.015362188362791684,DPP,民主進步黨,KMT,中國國民黨,0,1,1,0,0,0,0,18,0,0.10000000000000009
2017,853451,1018941,苗栗縣,13.657043408906597,13.834274410626733,-0.12026879311911642,0.0256726636302389,-14.594145674935532,3.6,27634.0,756750.0,0.01259985351813242,0.04184387975314685,DPP,民主進步黨,KMT,中國國民黨,0,1,1,0,0,0,0,19,0,-0.2999999999999998
2018,870498,1036304,苗栗縣,13.676820740657586,13.851171095050994,0.019777331750988836,0.0168966844242604,0.2880647326728436,3.7,28199.0,739678.0,0.02023961768792759,-0.022817991537513294,DPP,民主進步黨,KMT,中國國民黨,0,1,1,0,0,0,0,20,0,0.10000000000000009
2019,900087,1059731,苗栗縣,13.710246704301193,13.873525660297378,0.03342596364360695,0.022354565246384794,1.1071398397222154,3.7,28767.0,781150.0,0.019942380517250058,0.054552236493597306,DPP,民主進步黨,KMT,中國國民黨,0,1,1,0,0,0,0,21,0,0.0
2020,970239,1079648,苗栗縣,13.78529771188268,13.892145620049078,0.07505100758148764,0.01861995975169961,5.643104782978803,3.7,29422.0,765138.0,0.022513796988365087,-0.02071098314322306,DPP,民主進步黨,KMT,中國國民黨,0,1,1,0,0,0,0,22,0,0.0
2021,1007110,1090554,苗栗縣,13.822595401087485,13.902196381967281,0.03729768920480403,0.010050761918202866,2.7246927286601164,3.9,30496.0,875029.0,0.03585283364377112,0.13420081895085545,DPP,民主進步黨,KMT,中國國民黨,0,1,1,0,0,0,0,23,0,0.19999999999999973
2022,1061582,1108569,苗栗縣,13.875270806317578,13.918580552380039,0.05267540523009373,0.01638417041275808,3.629123481733565,3.6,31062.0,862045.0,0.018389679676028337,-0.014949555188108477,DPP,民主進步黨,KMT,中國國民黨,0,1,1,0,0,0,0,24,0,-0.2999999999999998
2023,1115312,1136708,苗栗縣,13.924644744361668,13.943646923566812,0.04937393804408963,0.025066371186772685,2.4307566857316942,3.5,31578.0,888319.0,0.016475468451877973,0.0300234392398,DPP,民主進步黨,IND,無黨籍,0,0,0,0,0,0,0,1,1,-0.10000000000000009
2024,1163673,1165206,苗栗縣,13.967091939970853,13.968408453384745,0.04244719560918497,0.024761529817933337,1.7685665791251637,3.3,32440.0,988570.0,0.02693155364751476,0.10692854175141697,DPP,民主進步黨,IND,無黨籍,0,0,0,0,0,0,0,2,0,-0.20000000000000018
1998,661698,873175,雲林縣,13.402564537477826,13.67989127292283,,,,2.3,,,,,KMT,中國國民黨,KMT,中國國民黨,1,1,1,0,0,0,0,1,0,
1999,742533,889053,雲林縣,13.517822593115811,13.697912130266793,0.11525805563798563,0.01802085734396286,9.723719829402278,2.2,,,,,KMT,中國國民黨,KMT,中國國民黨,1,1,1,0,0,0,0,1,0,-0.09999999999999964
2000,694363,891445,雲林縣,13.450750157498527,13.700599020607656,-0.06707243561728404,0.002686890340863002,-6.9759325958147045,2.6,,,,,DPP,民主進步黨,KMT,中國國民黨,0,1,1,0,0,0,0,2,0,0.3999999999999999
2001,732284,868651,雲林縣,13.503923695841467,13.674696712533033,0.05317353834293925,-0.025902308074623903,7.907584641756316,4.1,,,,,DPP,民主進步黨,KMT,中國國民黨,0,1,1,0,0,0,0,3,0,1.4999999999999996
2002,688011,875919,雲林縣,13.44156010515976,13.683028899889882,-0.062363590681705716,0.008332187356849374,-7.069577803855509,4.7,,,,,DPP,民主進步黨,KMT,中國國民黨,0,1,1,0,0,0,0,4,0,0.6000000000000005
2003,673606,881662,雲林縣,13.420400649234004,13.689564041586747,-0.02115945592575663,0.00653514169686531,-2.769459762262194,5.0,,,,,DPP,民主進步黨,KMT,中國國民黨,0,1,1,0,0,0,0,5,0,0.2999999999999998
2004,703806,891249,雲林縣,13.464258028982472,13.700379128690377,0.04385737974846826,0.010815087103630106,3.3042292644838156,4.6,,,,,DPP,民主進步黨,KMT,中國國民黨,0,1,1,0,0,0,0,6,0,-0.40000000000000036
2005,648685,894574,雲林縣,13.382702515764386,13.70410290629004,-0.08155551321808652,0.003723777599661915,-8.527929081774843,4.2,,,,,DPP,民主進步黨,KMT,中國國民黨,0,1,1,0,0,0,0,7,0,-0.39999999999999947
2006,764109,913092,雲林縣,13.546465728129307,13.72459192120366,0.16376321236492153,0.020489014913620096,14.327419745130143,3.9,,,,,DPP,民主進步黨,DPP,民主進步黨,1,1,0,1,0,0,0,1,1,-0.30000000000000027
2007,663716,923874,雲林縣,13.405609626120825,13.736330977689091,-0.14085610200848286,0.011739056485431831,-15.25951584939147,3.9,,,,,DPP,民主進步黨,DPP,民主進步黨,1,1,0,1,0,0,0,2,0,0.0
2008,643980,913687,雲林縣,13.375422948703624,13.72524334102077,-0.03018667741720016,-0.011087636668321466,-1.9099040748878693,4.0,,,,,KMT,中國國民黨,DPP,民主進步黨,0,1,0,1,0,0,0,3,0,0.10000000000000009
2009,615006,887605,雲林縣,13.329387302838626,13.696282103192804,-0.04603564586499864,-0.028961237827966002,-1.707440803703264,5.8,,,,,KMT,中國國民黨,DPP,民主進步黨,0,1,0,1,0,0,0,4,0,1.7999999999999998
2010,616480,889353,雲林縣,13.331781159859984,13.698249511048061,0.0023938570213584143,0.001967407855257619,0.04264491661007952,5.1,,,,,KMT,中國國民黨,DPP,民主進步黨,0,1,0,1,0,0,0,5,0,-0.7000000000000002
2011,674055,907988,雲林縣,13.421066988939039,13.71898644163707,0.08928582907905458,0.02073693058900794,6.854889849004664,4.3,,,,,KMT,中國國民黨,DPP,民主進步黨,0,1,0,1,0,0,0,6,0,-0.7999999999999998
2012,684977,923584,雲林縣,13.43714054003832,13.73601703279575,0.016073551099280436,0.01703059115868122,-0.09570400594007822,4.2,,,,,KMT,中國國民黨,DPP,民主進步黨,0,1,0,1,0,0,0,7,0,-0.09999999999999964
2013,704313,942208,雲林縣,13.464978138606602,13.755981335978323,0.02783759856828283,0.01996430318257225,0.7873295385710577,4.2,29568.0,1551639.0,,,KMT,中國國民黨,DPP,民主進步黨,0,1,0,1,0,0,0,8,0,0.0
2014,730035,956849,雲林縣,13.500847757180718,13.771400873241777,0.0358696185741163,0.015419537263454686,2.0450081310661616,3.9,29810.0,1547067.0,0.008151212230705696,-0.0029509113273107346,KMT,中國國民黨,DPP,民主進步黨,0,1,0,1,0,0,0,9,0,-0.30000000000000027
2015,732732,964895,雲林縣,13.504535293276533,13.779774566110916,0.003687536095814181,0.008373692869138694,-0.46861567733245124,3.8,30664.0,1209412.0,0.0282454203882736,-0.2462265892013793,KMT,中國國民黨,DPP,民主進步黨,0,1,0,1,0,0,0,10,0,-0.10000000000000009
2016,753126,993115,雲林縣,13.531987823461105,13.808601746996494,0.027452530184572055,0.02882718088557823,-0.13746507010061748,3.8,31039.0,1114626.0,0.012155150222957545,-0.0816153684480323,DPP,民主進步黨,DPP,民主進步黨,1,1,0,1,0,0,0,11,0,0.0
2017,745074,1018941,雲林縣,13.521238821287973,13.834274410626733,-0.010749002173131572,0.0256726636302389,-3.6421665803370473,3.7,31790.0,1232466.0,0.02390729662150015,0.10049811771207828,DPP,民主進步黨,DPP,民主進步黨,1,1,0,1,0,0,0,12,0,-0.09999999999999964
2018,726847,1036304,雲林縣,13.496471280446903,13.851171095050994,-0.024767540841070357,0.0168966844242604,-4.166422526533076,3.6,32733.0,1442306.0,0.029231968418359955,0.1572261812735558,DPP,民主進步黨,DPP,民主進步黨,1,1,0,1,0,0,0,13,0,-0.10000000000000009
2019,797654,1059731,雲林縣,13.589430198447342,13.873525660297378,0.09295891800043954,0.022354565246384794,7.060435275405474,3.6,33514.0,1271550.0,0.02357951863746166,-0.1260065928804739,DPP,民主進步黨,KMT,中國國民黨,0,1,1,0,0,0,0,1,1,0.0
2020,830718,1079648,雲林縣,13.630045666064778,13.892145620049078,0.040615467617435286,0.01861995975169961,2.1995507865735675,3.8,34250.0,1014963.0,0.021723302729702354,-0.22538447011304008,DPP,民主進步黨,KMT,中國國民黨,0,1,1,0,0,0,0,2,0,0.19999999999999973
2021,873727,1090554,雲林縣,13.680523248864665,13.902196381967281,0.050477582799887344,0.010050761918202866,4.042682088168448,3.8,35307.0,1383666.0,0.030394679855399787,0.3098843399637179,DPP,民主進步黨,KMT,中國國民黨,0,1,1,0,0,0,0,3,0,0.0
2022,869524,1108569,雲林縣,13.6757012144657,13.918580552380039,-0.004822034398964448,0.01638417041275808,-2.120620481172253,3.6,36354.0,1646656.0,0.02922299462727196,0.17401006618688264,DPP,民主進步黨,KMT,中國國民黨,0,1,1,0,0,0,0,4,0,-0.19999999999999973
2023,920910,1136708,雲林縣,13.733117590592839,13.943646923566812,0.057416376127138236,0.025066371186772685,3.235000494036555,3.5,37120.0,1478760.0,0.020851668727093653,-0.1075426660220522,DPP,民主進步黨,KMT,中國國民黨,0,1,1,0,0,0,0,5,0,-0.10000000000000009
2024,939002,1165206,雲林縣,13.752572888113585,13.968408453384745,0.019455297520746484,0.024761529817933337,-0.5306232297186853,3.4,38176.0,1438410.0,0.028051137997504583,-0.027665561875766187,DPP,民主進步黨,KMT,中國國民黨,0,1,1,0,0,0,0,6,0,-0.10000000000000009
1998,831902,873175,高雄市,13.631469924404202,13.67989127292283,,,,3.4,,,,,KMT,中國國民黨,DPP,民主進步黨,0,1,0,1,1,0,0,1,0,
1999,846303,889053,高雄市,13.64863273049417,13.697912130266793,0.01716280608996712,0.01802085734396286,-0.08580512539957397,3.8,,,,,KMT,中國國民黨,DPP,民主進步黨,0,1,0,1,1,0,0,1,0,0.3999999999999999
2000,835452,891445,高雄市,13.635728174738869,13.700599020607656,-0.012904555755300251,0.002686890340863002,-1.5591446096163253,3.8,,,,,DPP,民主進步黨,DPP,民主進步黨,1,1,0,1,1,0,0,2,0,0.0
2001,820781,868651,高雄市,13.618011604982572,13.674696712533033,-0.017716569756297318,-0.025902308074623903,0.8185738318326585,5.0,,,,,DPP,民主進步黨,DPP,民主進步黨,1,1,0,1,1,0,0,3,0,1.2000000000000002
2002,801248,875919,高雄市,13.593925791114058,13.683028899889882,-0.024085813868513384,0.008332187356849374,-3.241800122536276,5.5,,,,,DPP,民主進步黨,DPP,民主進步黨,1,1,0,1,1,0,0,4,0,0.5
2003,802658,881662,高雄市,13.595683999342254,13.689564041586747,0.0017582082281961675,0.00653514169686531,-0.4776933468669142,5.2,,,,,DPP,民主進步黨,DPP,民主進步黨,1,1,0,1,1,0,0,5,0,-0.2999999999999998
2004,841900,891249,高雄市,13.643416521325756,13.700379128690377,0.04773252198350164,0.010815087103630106,3.6917434879871536,4.6,,,,,DPP,民主進步黨,DPP,民主進步黨,1,1,0,1,1,0,0,6,0,-0.6000000000000005
2005,863104,894574,高雄市,13.6682904726542,13.70410290629004,0.024873951328443056,0.003723777599661915,2.115017372878114,4.2,,,,,DPP,民主進步黨,DPP,民主進步黨,1,1,0,1,1,0,0,7,0,-0.39999999999999947
2006,848785,913092,高雄市,13.65156119411822,13.72459192120366,-0.01672927853597983,0.020489014913620096,-3.7218293449599926,4.2,,,,,DPP,民主進步黨,DPP,民主進步黨,1,1,0,1,1,0,0,8,0,0.0
2007,900028,923874,高雄市,13.710181152933618,13.736330977689091,0.05861995881539883,0.011739056485431831,4.6880902329967,4.2,,,,,DPP,民主進步黨,DPP,民主進步黨,1,1,0,1,1,0,0,9,0,0.0
2008,884720,913687,高雄市,13.693026489749242,13.72524334102077,-0.017154663184376417,-0.011087636668321466,-0.6067026516054952,4.3,,,,,KMT,中國國民黨,DPP,民主進步黨,0,1,0,1,1,0,0,10,0,0.09999999999999964
2009,869558,887605,高雄市,13.67574031555467,13.696282103192804,-0.017286174194572013,-0.028961237827966002,1.167506363339399,5.9,,,,,KMT,中國國民黨,DPP,民主進步黨,0,1,0,1,1,0,0,11,0,1.6000000000000005
2010,873346,889353,高雄市,13.680087090780784,13.698249511048061,0.004346775226114374,0.001967407855257619,0.23793673708567553,5.3,,,,,KMT,中國國民黨,DPP,民主進步黨,0,1,0,1,1,0,0,12,0,-0.6000000000000005
2011,856346,907988,高雄市,13.660429779062277,13.71898644163707,-0.019657311718507486,0.02073693058900794,-4.039424230751543,4.4,,,,,KMT,中國國民黨,DPP,民主進步黨,0,1,0,1,1,0,0,13,0,-0.8999999999999995
2012,894107,923584,高雄市,13.703580733794652,13.73601703279575,0.043150954732375624,0.01703059115868122,2.6120363573694405,4.3,,,,,KMT,中國國民黨,DPP,民主進步黨,0,1,0,1,1,0,0,14,0,-0.10000000000000053
2013,915255,942208,高雄市,13.726957993955816,13.755981335978323,0.023377260161163704,0.01996430318257225,0.34129569785914526,4.2,158321.0,4183572.0,,,KMT,中國國民黨,DPP,民主進步黨,0,1,0,1,1,0,0,15,0,-0.09999999999999964
2014,917659,956849,高雄市,13.729581140899397,13.771400873241777,0.0026231469435806787,0.015419537263454686,-1.2796390319874007,3.9,159938.0,4339513.0,0.010161622540564963,0.03659670275939142,KMT,中國國民黨,DPP,民主進步黨,0,1,0,1,1,0,0,16,0,-0.30000000000000027
2015,946918,964895,高雄市,13.760967779190008,13.779774566110916,0.031386638290610946,0.008373692869138694,2.3012945421472253,3.8,162735.0,4056285.0,0.017336870806222038,-0.06749459974199823,KMT,中國國民黨,DPP,民主進步黨,0,1,0,1,1,0,0,17,0,-0.10000000000000009
2016,964009,993115,高雄市,13.778855909648687,13.808601746996494,0.01788813045867954,0.02882718088557823,-1.0939050426898689,4.0,164673.0,4215228.0,0.011838578376124786,0.03843615242504761,DPP,民主進步黨,DPP,民主進步黨,1,1,0,1,1,0,0,18,0,0.20000000000000018
2017,985517,1018941,高雄市,13.800921655552969,13.834274410626733,0.022065745904281897,0.0256726636302389,-0.3606917725957004,3.8,167592.0,4512815.0,0.01757076489319509,0.0682174447992896,DPP,民主進步黨,DPP,民主進步黨,1,1,0,1,1,0,0,19,0,-0.20000000000000018
2018,1003178,1036304,高雄市,13.818683518795769,13.851171095050994,0.017761863242800047,0.0168966844242604,0.0865178818539647,3.7,171120.0,4758234.0,0.020832610562306897,0.052955463682472725,DPP,民主進步黨,DPP,民主進步黨,1,1,0,1,1,0,0,20,0,-0.09999999999999964
2019,1014869,1059731,高雄市,13.830270098089136,13.873525660297378,0.011586579293366484,0.022354565246384794,-1.076798595301831,3.7,174161.0,4675720.0,0.017615093982234598,-0.017493429421914897,DPP,民主進步黨,KMT,中國國民黨,0,1,1,0,1,0,0,1,1,0.0
2020,1017796,1079648,高雄市,13.83315006308395,13.892145620049078,0.0028799649948147987,0.01861995975169961,-1.5739994756884812,3.8,178358.0,4517846.0,0.023812607663503016,-0.03434782999124053,DPP,民主進步黨,KMT,中國國民黨,0,1,1,0,1,0,0,2,0,0.09999999999999964
2021,1022366,1090554,高雄市,13.837630106966373,13.902196381967281,0.00448004388242218,0.010050761918202866,-0.5570718035780686,3.9,185043.0,5556292.0,0.0367954640826369,0.206895647720458,DPP,民主進步黨,DPP,民主進步黨,1,1,0,1,1,0,0,1,1,0.10000000000000009
2022,1035378,1108569,高雄市,13.850277135397272,13.918580552380039,0.01264702843089971,0.01638417041275808,-0.3737141981858372,3.6,189659.0,5864959.0,0.024639492346095082,0.054064512152043775,DPP,民主進步黨,DPP,民主進步黨,1,1,0,1,1,0,0,2,0,-0.2999999999999998
2023,1091036,1136708,高雄市,13.902638261521039,13.943646923566812,0.052361126123766866,0.025066371186772685,2.729475493699418,3.4,194981.0,5560232.0,0.027674395070505398,-0.05335565744800341,DPP,民主進步黨,DPP,民主進步黨,1,1,0,1,1,0,0,3,0,-0.20000000000000018
2024,1143840,1165206,高雄市,13.94990158100068,13.968408453384745,0.04726331947964013,0.024761529817933337,2.2501789661706795,3.3,200288.0,6048265.0,0.02685421282316547,0.08413162004423391,DPP,民主進步黨,DPP,民主進步黨,1,1,0,1,1,0,0,4,0,-0.10000000000000009
